feature_id,source_dataset,source_recording_id,original_filename,original_category,target_class,split,original_fold,take,window_index,start_sample,end_sample,start_sec,end_sec,source_duration_sec,mfcc_path,log_mel_path,mfcc_shape,log_mel_shape,sample_rate_hz,window_duration_sec,window_hop_sec,feature_version,p2_version
50455_1-50455-A-44_w000,ESC-50,50455,1-50455-A-44.wav,engine,ENGINE,test,1,A,0,0,32000,0.0,2.0,5.0,features/mfcc/test/ENGINE/50455_1-50455-A-44_w000.npy,features/log_mel/test/ENGINE/50455_1-50455-A-44_w000.npy,"[13, 197]","[64, 197]",16000,2.0,1.0,P3-v0.1,P2-v0.1
50455_1-50455-A-44_w001,ESC-50,50455,1-50455-A-44.wav,engine,ENGINE,test,1,A,1,16000,48000,1.0,3.0,5.0,features/mfcc/test/ENGINE/50455_1-50455-A-44_w001.npy,features/log_mel/test/ENGINE/50455_1-50455-A-44_w001.npy,"[13, 197]","[64, 197]",16000,2.0,1.0,P3-v0.1,P2-v0.1
50455_1-50455-A-44_w002,ESC-50,50455,1-50455-A-44.wav,engine,ENGINE,test,1,A,2,32000,64000,2.0,4.0,5.0,features/mfcc/test/ENGINE/50455_1-50455-A-44_w002.npy,features/log_mel/test/ENGINE/50455_1-50455-A-44_w002.npy,"[13, 197]","[64, 197]",16000,2.0,1.0,P3-v0.1,P2-v0.1
50455_1-50455-A-44_w003,ESC-50,50455,1-50455-A-44.wav,engine,ENGINE,test,1,A,3,48000,80000,3.0,5.0,5.0,features/mfcc/test/ENGINE/50455_1-50455-A-44_w003.npy,features/log_mel/test/ENGINE/50455_1-50455-A-44_w003.npy,"[13, 197]","[64, 197]",16000,2.0,1.0,P3-v0.1,P2-v0.1
78651_2-78651-A-44_w000,ESC-50,78651,2-78651-A-44.wav,engine,ENGINE,test,2,A,0,0,32000,0.0,2.0,5.0,features/mfcc/test/ENGINE/78651_2-78651-A-44_w000.npy,features/log_mel/test/ENGINE/78651_2-78651-A-44_w000.npy,"[13, 197]","[64, 197]",16000,2.0,1.0,P3-v0.1,P2-v0.1
78651_2-78651-A-44_w001,ESC-50,78651,2-78651-A-44.wav,engine,ENGINE,test,2,A,1,16000,48000,1.0,3.0,5.0,features/mfcc/test/ENGINE/78651_2-78651-A-44_w001.npy,features/log_mel/test/ENGINE/78651_2-78651-A-44_w001.npy,"[13, 197]","[64, 197]",16000,2.0,1.0,P3-v0.1,P2-v0.1
78651_2-78651-A-44_w002,ESC-50,78651,2-78651-A-44.wav,engine,ENGINE,test,2,A,2,32000,64000,2.0,4.0,5.0,features/mfcc/test/ENGINE/78651_2-78651-A-44_w002.npy,features/log_mel/test/ENGINE/78651_2-78651-A-44_w002.npy,"[13, 197]","[64, 197]",16000,2.0,1.0,P3-v0.1,P2-v0.1
78651_2-78651-A-44_w003,ESC-50,78651,2-78651-A-44.wav,engine,ENGINE,test,2,A,3,48000,80000,3.0,5.0,5.0,features/mfcc/test/ENGINE/78651_2-78651-A-44_w003.npy,features/log_mel/test/ENGINE/78651_2-78651-A-44_w003.npy,"[13, 197]","[64, 197]",16000,2.0,1.0,P3-v0.1,P2-v0.1
115382_3-115382-A-44_w000,ESC-50,115382,3-115382-A-44.wav,engine,ENGINE,test,3,A,0,0,32000,0.0,2.0,5.0,features/mfcc/test/ENGINE/115382_3-115382-A-44_w000.npy,features/log_mel/test/ENGINE/115382_3-115382-A-44_w000.npy,"[13, 197]","[64, 197]",16000,2.0,1.0,P3-v0.1,P2-v0.1
115382_3-115382-A-44_w001,ESC-50,115382,3-115382-A-44.wav,engine,ENGINE,test,3,A,1,16000,48000,1.0,3.0,5.0,features/mfcc/test/ENGINE/115382_3-115382-A-44_w001.npy,features/log_mel/test/ENGINE/115382_3-115382-A-44_w001.npy,"[13, 197]","[64, 197]",16000,2.0,1.0,P3-v0.1,P2-v0.1
115382_3-115382-A-44_w002,ESC-50,115382,3-115382-A-44.wav,engine,ENGINE,test,3,A,2,32000,64000,2.0,4.0,5.0,features/mfcc/test/ENGINE/115382_3-115382-A-44_w002.npy,features/log_mel/test/ENGINE/115382_3-115382-A-44_w002.npy,"[13, 197]","[64, 197]",16000,2.0,1.0,P3-v0.1,P2-v0.1
115382_3-115382-A-44_w003,ESC-50,115382,3-115382-A-44.wav,engine,ENGINE,test,3,A,3,48000,80000,3.0,5.0,5.0,features/mfcc/test/ENGINE/115382_3-115382-A-44_w003.npy,features/log_mel/test/ENGINE/115382_3-115382-A-44_w003.npy,"[13, 197]","[64, 197]",16000,2.0,1.0,P3-v0.1,P2-v0.1
154758_3-154758-A-44_w000,ESC-50,154758,3-154758-A-44.wav,engine,ENGINE,test,3,A,0,0,32000,0.0,2.0,5.0,features/mfcc/test/ENGINE/154758_3-154758-A-44_w000.npy,features/log_mel/test/ENGINE/154758_3-154758-A-44_w000.npy,"[13, 197]","[64, 197]",16000,2.0,1.0,P3-v0.1,P2-v0.1
154758_3-154758-A-44_w001,ESC-50,154758,3-154758-A-44.wav,engine,ENGINE,test,3,A,1,16000,48000,1.0,3.0,5.0,features/mfcc/test/ENGINE/154758_3-154758-A-44_w001.npy,features/log_mel/test/ENGINE/154758_3-154758-A-44_w001.npy,"[13, 197]","[64, 197]",16000,2.0,1.0,P3-v0.1,P2-v0.1
154758_3-154758-A-44_w002,ESC-50,154758,3-154758-A-44.wav,engine,ENGINE,test,3,A,2,32000,64000,2.0,4.0,5.0,features/mfcc/test/ENGINE/154758_3-154758-A-44_w002.npy,features/log_mel/test/ENGINE/154758_3-154758-A-44_w002.npy,"[13, 197]","[64, 197]",16000,2.0,1.0,P3-v0.1,P2-v0.1
154758_3-154758-A-44_w003,ESC-50,154758,3-154758-A-44.wav,engine,ENGINE,test,3,A,3,48000,80000,3.0,5.0,5.0,features/mfcc/test/ENGINE/154758_3-154758-A-44_w003.npy,features/log_mel/test/ENGINE/154758_3-154758-A-44_w003.npy,"[13, 197]","[64, 197]",16000,2.0,1.0,P3-v0.1,P2-v0.1
240671_5-240671-A-44_w000,ESC-50,240671,5-240671-A-44.wav,engine,ENGINE,test,5,A,0,0,32000,0.0,2.0,5.0,features/mfcc/test/ENGINE/240671_5-240671-A-44_w000.npy,features/log_mel/test/ENGINE/240671_5-240671-A-44_w000.npy,"[13, 197]","[64, 197]",16000,2.0,1.0,P3-v0.1,P2-v0.1
240671_5-240671-A-44_w001,ESC-50,240671,5-240671-A-44.wav,engine,ENGINE,test,5,A,1,16000,48000,1.0,3.0,5.0,features/mfcc/test/ENGINE/240671_5-240671-A-44_w001.npy,features/log_mel/test/ENGINE/240671_5-240671-A-44_w001.npy,"[13, 197]","[64, 197]",16000,2.0,1.0,P3-v0.1,P2-v0.1
240671_5-240671-A-44_w002,ESC-50,240671,5-240671-A-44.wav,engine,ENGINE,test,5,A,2,32000,64000,2.0,4.0,5.0,features/mfcc/test/ENGINE/240671_5-240671-A-44_w002.npy,features/log_mel/test/ENGINE/240671_5-240671-A-44_w002.npy,"[13, 197]","[64, 197]",16000,2.0,1.0,P3-v0.1,P2-v0.1
240671_5-240671-A-44_w003,ESC-50,240671,5-240671-A-44.wav,engine,ENGINE,test,5,A,3,48000,80000,3.0,5.0,5.0,features/mfcc/test/ENGINE/240671_5-240671-A-44_w003.npy,features/log_mel/test/ENGINE/240671_5-240671-A-44_w003.npy,"[13, 197]","[64, 197]",16000,2.0,1.0,P3-v0.1,P2-v0.1
26222_1-26222-A-10_w000,ESC-50,26222,1-26222-A-10.wav,rain,RAIN,test,1,A,0,0,32000,0.0,2.0,5.0,features/mfcc/test/RAIN/26222_1-26222-A-10_w000.npy,features/log_mel/test/RAIN/26222_1-26222-A-10_w000.npy,"[13, 197]","[64, 197]",16000,2.0,1.0,P3-v0.1,P2-v0.1
26222_1-26222-A-10_w001,ESC-50,26222,1-26222-A-10.wav,rain,RAIN,test,1,A,1,16000,48000,1.0,3.0,5.0,features/mfcc/test/RAIN/26222_1-26222-A-10_w001.npy,features/log_mel/test/RAIN/26222_1-26222-A-10_w001.npy,"[13, 197]","[64, 197]",16000,2.0,1.0,P3-v0.1,P2-v0.1
26222_1-26222-A-10_w002,ESC-50,26222,1-26222-A-10.wav,rain,RAIN,test,1,A,2,32000,64000,2.0,4.0,5.0,features/mfcc/test/RAIN/26222_1-26222-A-10_w002.npy,features/log_mel/test/RAIN/26222_1-26222-A-10_w002.npy,"[13, 197]","[64, 197]",16000,2.0,1.0,P3-v0.1,P2-v0.1
26222_1-26222-A-10_w003,ESC-50,26222,1-26222-A-10.wav,rain,RAIN,test,1,A,3,48000,80000,3.0,5.0,5.0,features/mfcc/test/RAIN/26222_1-26222-A-10_w003.npy,features/log_mel/test/RAIN/26222_1-26222-A-10_w003.npy,"[13, 197]","[64, 197]",16000,2.0,1.0,P3-v0.1,P2-v0.1
81731_2-81731-A-10_w000,ESC-50,81731,2-81731-A-10.wav,rain,RAIN,test,2,A,0,0,32000,0.0,2.0,5.0,features/mfcc/test/RAIN/81731_2-81731-A-10_w000.npy,features/log_mel/test/RAIN/81731_2-81731-A-10_w000.npy,"[13, 197]","[64, 197]",16000,2.0,1.0,P3-v0.1,P2-v0.1
81731_2-81731-A-10_w001,ESC-50,81731,2-81731-A-10.wav,rain,RAIN,test,2,A,1,16000,48000,1.0,3.0,5.0,features/mfcc/test/RAIN/81731_2-81731-A-10_w001.npy,features/log_mel/test/RAIN/81731_2-81731-A-10_w001.npy,"[13, 197]","[64, 197]",16000,2.0,1.0,P3-v0.1,P2-v0.1
81731_2-81731-A-10_w002,ESC-50,81731,2-81731-A-10.wav,rain,RAIN,test,2,A,2,32000,64000,2.0,4.0,5.0,features/mfcc/test/RAIN/81731_2-81731-A-10_w002.npy,features/log_mel/test/RAIN/81731_2-81731-A-10_w002.npy,"[13, 197]","[64, 197]",16000,2.0,1.0,P3-v0.1,P2-v0.1
81731_2-81731-A-10_w003,ESC-50,81731,2-81731-A-10.wav,rain,RAIN,test,2,A,3,48000,80000,3.0,5.0,5.0,features/mfcc/test/RAIN/81731_2-81731-A-10_w003.npy,features/log_mel/test/RAIN/81731_2-81731-A-10_w003.npy,"[13, 197]","[64, 197]",16000,2.0,1.0,P3-v0.1,P2-v0.1
87781_2-87781-A-10_w000,ESC-50,87781,2-87781-A-10.wav,rain,RAIN,test,2,A,0,0,32000,0.0,2.0,5.0,features/mfcc/test/RAIN/87781_2-87781-A-10_w000.npy,features/log_mel/test/RAIN/87781_2-87781-A-10_w000.npy,"[13, 197]","[64, 197]",16000,2.0,1.0,P3-v0.1,P2-v0.1
87781_2-87781-A-10_w001,ESC-50,87781,2-87781-A-10.wav,rain,RAIN,test,2,A,1,16000,48000,1.0,3.0,5.0,features/mfcc/test/RAIN/87781_2-87781-A-10_w001.npy,features/log_mel/test/RAIN/87781_2-87781-A-10_w001.npy,"[13, 197]","[64, 197]",16000,2.0,1.0,P3-v0.1,P2-v0.1
87781_2-87781-A-10_w002,ESC-50,87781,2-87781-A-10.wav,rain,RAIN,test,2,A,2,32000,64000,2.0,4.0,5.0,features/mfcc/test/RAIN/87781_2-87781-A-10_w002.npy,features/log_mel/test/RAIN/87781_2-87781-A-10_w002.npy,"[13, 197]","[64, 197]",16000,2.0,1.0,P3-v0.1,P2-v0.1
87781_2-87781-A-10_w003,ESC-50,87781,2-87781-A-10.wav,rain,RAIN,test,2,A,3,48000,80000,3.0,5.0,5.0,features/mfcc/test/RAIN/87781_2-87781-A-10_w003.npy,features/log_mel/test/RAIN/87781_2-87781-A-10_w003.npy,"[13, 197]","[64, 197]",16000,2.0,1.0,P3-v0.1,P2-v0.1
164206_4-164206-A-10_w000,ESC-50,164206,4-164206-A-10.wav,rain,RAIN,test,4,A,0,0,32000,0.0,2.0,5.0,features/mfcc/test/RAIN/164206_4-164206-A-10_w000.npy,features/log_mel/test/RAIN/164206_4-164206-A-10_w000.npy,"[13, 197]","[64, 197]",16000,2.0,1.0,P3-v0.1,P2-v0.1
164206_4-164206-A-10_w001,ESC-50,164206,4-164206-A-10.wav,rain,RAIN,test,4,A,1,16000,48000,1.0,3.0,5.0,features/mfcc/test/RAIN/164206_4-164206-A-10_w001.npy,features/log_mel/test/RAIN/164206_4-164206-A-10_w001.npy,"[13, 197]","[64, 197]",16000,2.0,1.0,P3-v0.1,P2-v0.1
164206_4-164206-A-10_w002,ESC-50,164206,4-164206-A-10.wav,rain,RAIN,test,4,A,2,32000,64000,2.0,4.0,5.0,features/mfcc/test/RAIN/164206_4-164206-A-10_w002.npy,features/log_mel/test/RAIN/164206_4-164206-A-10_w002.npy,"[13, 197]","[64, 197]",16000,2.0,1.0,P3-v0.1,P2-v0.1
164206_4-164206-A-10_w003,ESC-50,164206,4-164206-A-10.wav,rain,RAIN,test,4,A,3,48000,80000,3.0,5.0,5.0,features/mfcc/test/RAIN/164206_4-164206-A-10_w003.npy,features/log_mel/test/RAIN/164206_4-164206-A-10_w003.npy,"[13, 197]","[64, 197]",16000,2.0,1.0,P3-v0.1,P2-v0.1
181286_4-181286-A-10_w000,ESC-50,181286,4-181286-A-10.wav,rain,RAIN,test,4,A,0,0,32000,0.0,2.0,5.0,features/mfcc/test/RAIN/181286_4-181286-A-10_w000.npy,features/log_mel/test/RAIN/181286_4-181286-A-10_w000.npy,"[13, 197]","[64, 197]",16000,2.0,1.0,P3-v0.1,P2-v0.1
181286_4-181286-A-10_w001,ESC-50,181286,4-181286-A-10.wav,rain,RAIN,test,4,A,1,16000,48000,1.0,3.0,5.0,features/mfcc/test/RAIN/181286_4-181286-A-10_w001.npy,features/log_mel/test/RAIN/181286_4-181286-A-10_w001.npy,"[13, 197]","[64, 197]",16000,2.0,1.0,P3-v0.1,P2-v0.1
181286_4-181286-A-10_w002,ESC-50,181286,4-181286-A-10.wav,rain,RAIN,test,4,A,2,32000,64000,2.0,4.0,5.0,features/mfcc/test/RAIN/181286_4-181286-A-10_w002.npy,features/log_mel/test/RAIN/181286_4-181286-A-10_w002.npy,"[13, 197]","[64, 197]",16000,2.0,1.0,P3-v0.1,P2-v0.1
181286_4-181286-A-10_w003,ESC-50,181286,4-181286-A-10.wav,rain,RAIN,test,4,A,3,48000,80000,3.0,5.0,5.0,features/mfcc/test/RAIN/181286_4-181286-A-10_w003.npy,features/log_mel/test/RAIN/181286_4-181286-A-10_w003.npy,"[13, 197]","[64, 197]",16000,2.0,1.0,P3-v0.1,P2-v0.1
202898_5-202898-A-10_w000,ESC-50,202898,5-202898-A-10.wav,rain,RAIN,test,5,A,0,0,32000,0.0,2.0,5.0,features/mfcc/test/RAIN/202898_5-202898-A-10_w000.npy,features/log_mel/test/RAIN/202898_5-202898-A-10_w000.npy,"[13, 197]","[64, 197]",16000,2.0,1.0,P3-v0.1,P2-v0.1
202898_5-202898-A-10_w001,ESC-50,202898,5-202898-A-10.wav,rain,RAIN,test,5,A,1,16000,48000,1.0,3.0,5.0,features/mfcc/test/RAIN/202898_5-202898-A-10_w001.npy,features/log_mel/test/RAIN/202898_5-202898-A-10_w001.npy,"[13, 197]","[64, 197]",16000,2.0,1.0,P3-v0.1,P2-v0.1
202898_5-202898-A-10_w002,ESC-50,202898,5-202898-A-10.wav,rain,RAIN,test,5,A,2,32000,64000,2.0,4.0,5.0,features/mfcc/test/RAIN/202898_5-202898-A-10_w002.npy,features/log_mel/test/RAIN/202898_5-202898-A-10_w002.npy,"[13, 197]","[64, 197]",16000,2.0,1.0,P3-v0.1,P2-v0.1
202898_5-202898-A-10_w003,ESC-50,202898,5-202898-A-10.wav,rain,RAIN,test,5,A,3,48000,80000,3.0,5.0,5.0,features/mfcc/test/RAIN/202898_5-202898-A-10_w003.npy,features/log_mel/test/RAIN/202898_5-202898-A-10_w003.npy,"[13, 197]","[64, 197]",16000,2.0,1.0,P3-v0.1,P2-v0.1
54084_1-54084-A-42_w000,ESC-50,54084,1-54084-A-42.wav,siren,SIREN,test,1,A,0,0,32000,0.0,2.0,5.0,features/mfcc/test/SIREN/54084_1-54084-A-42_w000.npy,features/log_mel/test/SIREN/54084_1-54084-A-42_w000.npy,"[13, 197]","[64, 197]",16000,2.0,1.0,P3-v0.1,P2-v0.1
54084_1-54084-A-42_w001,ESC-50,54084,1-54084-A-42.wav,siren,SIREN,test,1,A,1,16000,48000,1.0,3.0,5.0,features/mfcc/test/SIREN/54084_1-54084-A-42_w001.npy,features/log_mel/test/SIREN/54084_1-54084-A-42_w001.npy,"[13, 197]","[64, 197]",16000,2.0,1.0,P3-v0.1,P2-v0.1
54084_1-54084-A-42_w002,ESC-50,54084,1-54084-A-42.wav,siren,SIREN,test,1,A,2,32000,64000,2.0,4.0,5.0,features/mfcc/test/SIREN/54084_1-54084-A-42_w002.npy,features/log_mel/test/SIREN/54084_1-54084-A-42_w002.npy,"[13, 197]","[64, 197]",16000,2.0,1.0,P3-v0.1,P2-v0.1
54084_1-54084-A-42_w003,ESC-50,54084,1-54084-A-42.wav,siren,SIREN,test,1,A,3,48000,80000,3.0,5.0,5.0,features/mfcc/test/SIREN/54084_1-54084-A-42_w003.npy,features/log_mel/test/SIREN/54084_1-54084-A-42_w003.npy,"[13, 197]","[64, 197]",16000,2.0,1.0,P3-v0.1,P2-v0.1
72688_2-72688-A-42_w000,ESC-50,72688,2-72688-A-42.wav,siren,SIREN,test,2,A,0,0,32000,0.0,2.0,5.0,features/mfcc/test/SIREN/72688_2-72688-A-42_w000.npy,features/log_mel/test/SIREN/72688_2-72688-A-42_w000.npy,"[13, 197]","[64, 197]",16000,2.0,1.0,P3-v0.1,P2-v0.1
72688_2-72688-A-42_w001,ESC-50,72688,2-72688-A-42.wav,siren,SIREN,test,2,A,1,16000,48000,1.0,3.0,5.0,features/mfcc/test/SIREN/72688_2-72688-A-42_w001.npy,features/log_mel/test/SIREN/72688_2-72688-A-42_w001.npy,"[13, 197]","[64, 197]",16000,2.0,1.0,P3-v0.1,P2-v0.1
72688_2-72688-A-42_w002,ESC-50,72688,2-72688-A-42.wav,siren,SIREN,test,2,A,2,32000,64000,2.0,4.0,5.0,features/mfcc/test/SIREN/72688_2-72688-A-42_w002.npy,features/log_mel/test/SIREN/72688_2-72688-A-42_w002.npy,"[13, 197]","[64, 197]",16000,2.0,1.0,P3-v0.1,P2-v0.1
72688_2-72688-A-42_w003,ESC-50,72688,2-72688-A-42.wav,siren,SIREN,test,2,A,3,48000,80000,3.0,5.0,5.0,features/mfcc/test/SIREN/72688_2-72688-A-42_w003.npy,features/log_mel/test/SIREN/72688_2-72688-A-42_w003.npy,"[13, 197]","[64, 197]",16000,2.0,1.0,P3-v0.1,P2-v0.1
76831_1-76831-A-42_w000,ESC-50,76831,1-76831-A-42.wav,siren,SIREN,test,1,A,0,0,32000,0.0,2.0,5.0,features/mfcc/test/SIREN/76831_1-76831-A-42_w000.npy,features/log_mel/test/SIREN/76831_1-76831-A-42_w000.npy,"[13, 197]","[64, 197]",16000,2.0,1.0,P3-v0.1,P2-v0.1
76831_1-76831-A-42_w001,ESC-50,76831,1-76831-A-42.wav,siren,SIREN,test,1,A,1,16000,48000,1.0,3.0,5.0,features/mfcc/test/SIREN/76831_1-76831-A-42_w001.npy,features/log_mel/test/SIREN/76831_1-76831-A-42_w001.npy,"[13, 197]","[64, 197]",16000,2.0,1.0,P3-v0.1,P2-v0.1
76831_1-76831-A-42_w002,ESC-50,76831,1-76831-A-42.wav,siren,SIREN,test,1,A,2,32000,64000,2.0,4.0,5.0,features/mfcc/test/SIREN/76831_1-76831-A-42_w002.npy,features/log_mel/test/SIREN/76831_1-76831-A-42_w002.npy,"[13, 197]","[64, 197]",16000,2.0,1.0,P3-v0.1,P2-v0.1
76831_1-76831-A-42_w003,ESC-50,76831,1-76831-A-42.wav,siren,SIREN,test,1,A,3,48000,80000,3.0,5.0,5.0,features/mfcc/test/SIREN/76831_1-76831-A-42_w003.npy,features/log_mel/test/SIREN/76831_1-76831-A-42_w003.npy,"[13, 197]","[64, 197]",16000,2.0,1.0,P3-v0.1,P2-v0.1
76831_1-76831-B-42_w000,ESC-50,76831,1-76831-B-42.wav,siren,SIREN,test,1,B,0,0,32000,0.0,2.0,5.0,features/mfcc/test/SIREN/76831_1-76831-B-42_w000.npy,features/log_mel/test/SIREN/76831_1-76831-B-42_w000.npy,"[13, 197]","[64, 197]",16000,2.0,1.0,P3-v0.1,P2-v0.1
76831_1-76831-B-42_w001,ESC-50,76831,1-76831-B-42.wav,siren,SIREN,test,1,B,1,16000,48000,1.0,3.0,5.0,features/mfcc/test/SIREN/76831_1-76831-B-42_w001.npy,features/log_mel/test/SIREN/76831_1-76831-B-42_w001.npy,"[13, 197]","[64, 197]",16000,2.0,1.0,P3-v0.1,P2-v0.1
76831_1-76831-B-42_w002,ESC-50,76831,1-76831-B-42.wav,siren,SIREN,test,1,B,2,32000,64000,2.0,4.0,5.0,features/mfcc/test/SIREN/76831_1-76831-B-42_w002.npy,features/log_mel/test/SIREN/76831_1-76831-B-42_w002.npy,"[13, 197]","[64, 197]",16000,2.0,1.0,P3-v0.1,P2-v0.1
76831_1-76831-B-42_w003,ESC-50,76831,1-76831-B-42.wav,siren,SIREN,test,1,B,3,48000,80000,3.0,5.0,5.0,features/mfcc/test/SIREN/76831_1-76831-B-42_w003.npy,features/log_mel/test/SIREN/76831_1-76831-B-42_w003.npy,"[13, 197]","[64, 197]",16000,2.0,1.0,P3-v0.1,P2-v0.1
76831_1-76831-C-42_w000,ESC-50,76831,1-76831-C-42.wav,siren,SIREN,test,1,C,0,0,32000,0.0,2.0,5.0,features/mfcc/test/SIREN/76831_1-76831-C-42_w000.npy,features/log_mel/test/SIREN/76831_1-76831-C-42_w000.npy,"[13, 197]","[64, 197]",16000,2.0,1.0,P3-v0.1,P2-v0.1
76831_1-76831-C-42_w001,ESC-50,76831,1-76831-C-42.wav,siren,SIREN,test,1,C,1,16000,48000,1.0,3.0,5.0,features/mfcc/test/SIREN/76831_1-76831-C-42_w001.npy,features/log_mel/test/SIREN/76831_1-76831-C-42_w001.npy,"[13, 197]","[64, 197]",16000,2.0,1.0,P3-v0.1,P2-v0.1
76831_1-76831-C-42_w002,ESC-50,76831,1-76831-C-42.wav,siren,SIREN,test,1,C,2,32000,64000,2.0,4.0,5.0,features/mfcc/test/SIREN/76831_1-76831-C-42_w002.npy,features/log_mel/test/SIREN/76831_1-76831-C-42_w002.npy,"[13, 197]","[64, 197]",16000,2.0,1.0,P3-v0.1,P2-v0.1
76831_1-76831-C-42_w003,ESC-50,76831,1-76831-C-42.wav,siren,SIREN,test,1,C,3,48000,80000,3.0,5.0,5.0,features/mfcc/test/SIREN/76831_1-76831-C-42_w003.npy,features/log_mel/test/SIREN/76831_1-76831-C-42_w003.npy,"[13, 197]","[64, 197]",16000,2.0,1.0,P3-v0.1,P2-v0.1
76831_1-76831-D-42_w000,ESC-50,76831,1-76831-D-42.wav,siren,SIREN,test,1,D,0,0,32000,0.0,2.0,5.0,features/mfcc/test/SIREN/76831_1-76831-D-42_w000.npy,features/log_mel/test/SIREN/76831_1-76831-D-42_w000.npy,"[13, 197]","[64, 197]",16000,2.0,1.0,P3-v0.1,P2-v0.1
76831_1-76831-D-42_w001,ESC-50,76831,1-76831-D-42.wav,siren,SIREN,test,1,D,1,16000,48000,1.0,3.0,5.0,features/mfcc/test/SIREN/76831_1-76831-D-42_w001.npy,features/log_mel/test/SIREN/76831_1-76831-D-42_w001.npy,"[13, 197]","[64, 197]",16000,2.0,1.0,P3-v0.1,P2-v0.1
76831_1-76831-D-42_w002,ESC-50,76831,1-76831-D-42.wav,siren,SIREN,test,1,D,2,32000,64000,2.0,4.0,5.0,features/mfcc/test/SIREN/76831_1-76831-D-42_w002.npy,features/log_mel/test/SIREN/76831_1-76831-D-42_w002.npy,"[13, 197]","[64, 197]",16000,2.0,1.0,P3-v0.1,P2-v0.1
76831_1-76831-D-42_w003,ESC-50,76831,1-76831-D-42.wav,siren,SIREN,test,1,D,3,48000,80000,3.0,5.0,5.0,features/mfcc/test/SIREN/76831_1-76831-D-42_w003.npy,features/log_mel/test/SIREN/76831_1-76831-D-42_w003.npy,"[13, 197]","[64, 197]",16000,2.0,1.0,P3-v0.1,P2-v0.1
76831_1-76831-E-42_w000,ESC-50,76831,1-76831-E-42.wav,siren,SIREN,test,1,E,0,0,32000,0.0,2.0,5.0,features/mfcc/test/SIREN/76831_1-76831-E-42_w000.npy,features/log_mel/test/SIREN/76831_1-76831-E-42_w000.npy,"[13, 197]","[64, 197]",16000,2.0,1.0,P3-v0.1,P2-v0.1
76831_1-76831-E-42_w001,ESC-50,76831,1-76831-E-42.wav,siren,SIREN,test,1,E,1,16000,48000,1.0,3.0,5.0,features/mfcc/test/SIREN/76831_1-76831-E-42_w001.npy,features/log_mel/test/SIREN/76831_1-76831-E-42_w001.npy,"[13, 197]","[64, 197]",16000,2.0,1.0,P3-v0.1,P2-v0.1
76831_1-76831-E-42_w002,ESC-50,76831,1-76831-E-42.wav,siren,SIREN,test,1,E,2,32000,64000,2.0,4.0,5.0,features/mfcc/test/SIREN/76831_1-76831-E-42_w002.npy,features/log_mel/test/SIREN/76831_1-76831-E-42_w002.npy,"[13, 197]","[64, 197]",16000,2.0,1.0,P3-v0.1,P2-v0.1
76831_1-76831-E-42_w003,ESC-50,76831,1-76831-E-42.wav,siren,SIREN,test,1,E,3,48000,80000,3.0,5.0,5.0,features/mfcc/test/SIREN/76831_1-76831-E-42_w003.npy,features/log_mel/test/SIREN/76831_1-76831-E-42_w003.npy,"[13, 197]","[64, 197]",16000,2.0,1.0,P3-v0.1,P2-v0.1
121532_4-121532-A-42_w000,ESC-50,121532,4-121532-A-42.wav,siren,SIREN,test,4,A,0,0,32000,0.0,2.0,5.0,features/mfcc/test/SIREN/121532_4-121532-A-42_w000.npy,features/log_mel/test/SIREN/121532_4-121532-A-42_w000.npy,"[13, 197]","[64, 197]",16000,2.0,1.0,P3-v0.1,P2-v0.1
121532_4-121532-A-42_w001,ESC-50,121532,4-121532-A-42.wav,siren,SIREN,test,4,A,1,16000,48000,1.0,3.0,5.0,features/mfcc/test/SIREN/121532_4-121532-A-42_w001.npy,features/log_mel/test/SIREN/121532_4-121532-A-42_w001.npy,"[13, 197]","[64, 197]",16000,2.0,1.0,P3-v0.1,P2-v0.1
121532_4-121532-A-42_w002,ESC-50,121532,4-121532-A-42.wav,siren,SIREN,test,4,A,2,32000,64000,2.0,4.0,5.0,features/mfcc/test/SIREN/121532_4-121532-A-42_w002.npy,features/log_mel/test/SIREN/121532_4-121532-A-42_w002.npy,"[13, 197]","[64, 197]",16000,2.0,1.0,P3-v0.1,P2-v0.1
121532_4-121532-A-42_w003,ESC-50,121532,4-121532-A-42.wav,siren,SIREN,test,4,A,3,48000,80000,3.0,5.0,5.0,features/mfcc/test/SIREN/121532_4-121532-A-42_w003.npy,features/log_mel/test/SIREN/121532_4-121532-A-42_w003.npy,"[13, 197]","[64, 197]",16000,2.0,1.0,P3-v0.1,P2-v0.1
51035_1-51035-A-16_w000,ESC-50,51035,1-51035-A-16.wav,wind,WIND,test,1,A,0,0,32000,0.0,2.0,5.0,features/mfcc/test/WIND/51035_1-51035-A-16_w000.npy,features/log_mel/test/WIND/51035_1-51035-A-16_w000.npy,"[13, 197]","[64, 197]",16000,2.0,1.0,P3-v0.1,P2-v0.1
51035_1-51035-A-16_w001,ESC-50,51035,1-51035-A-16.wav,wind,WIND,test,1,A,1,16000,48000,1.0,3.0,5.0,features/mfcc/test/WIND/51035_1-51035-A-16_w001.npy,features/log_mel/test/WIND/51035_1-51035-A-16_w001.npy,"[13, 197]","[64, 197]",16000,2.0,1.0,P3-v0.1,P2-v0.1
51035_1-51035-A-16_w002,ESC-50,51035,1-51035-A-16.wav,wind,WIND,test,1,A,2,32000,64000,2.0,4.0,5.0,features/mfcc/test/WIND/51035_1-51035-A-16_w002.npy,features/log_mel/test/WIND/51035_1-51035-A-16_w002.npy,"[13, 197]","[64, 197]",16000,2.0,1.0,P3-v0.1,P2-v0.1
51035_1-51035-A-16_w003,ESC-50,51035,1-51035-A-16.wav,wind,WIND,test,1,A,3,48000,80000,3.0,5.0,5.0,features/mfcc/test/WIND/51035_1-51035-A-16_w003.npy,features/log_mel/test/WIND/51035_1-51035-A-16_w003.npy,"[13, 197]","[64, 197]",16000,2.0,1.0,P3-v0.1,P2-v0.1
51037_1-51037-A-16_w000,ESC-50,51037,1-51037-A-16.wav,wind,WIND,test,1,A,0,0,32000,0.0,2.0,5.0,features/mfcc/test/WIND/51037_1-51037-A-16_w000.npy,features/log_mel/test/WIND/51037_1-51037-A-16_w000.npy,"[13, 197]","[64, 197]",16000,2.0,1.0,P3-v0.1,P2-v0.1
51037_1-51037-A-16_w001,ESC-50,51037,1-51037-A-16.wav,wind,WIND,test,1,A,1,16000,48000,1.0,3.0,5.0,features/mfcc/test/WIND/51037_1-51037-A-16_w001.npy,features/log_mel/test/WIND/51037_1-51037-A-16_w001.npy,"[13, 197]","[64, 197]",16000,2.0,1.0,P3-v0.1,P2-v0.1
51037_1-51037-A-16_w002,ESC-50,51037,1-51037-A-16.wav,wind,WIND,test,1,A,2,32000,64000,2.0,4.0,5.0,features/mfcc/test/WIND/51037_1-51037-A-16_w002.npy,features/log_mel/test/WIND/51037_1-51037-A-16_w002.npy,"[13, 197]","[64, 197]",16000,2.0,1.0,P3-v0.1,P2-v0.1
51037_1-51037-A-16_w003,ESC-50,51037,1-51037-A-16.wav,wind,WIND,test,1,A,3,48000,80000,3.0,5.0,5.0,features/mfcc/test/WIND/51037_1-51037-A-16_w003.npy,features/log_mel/test/WIND/51037_1-51037-A-16_w003.npy,"[13, 197]","[64, 197]",16000,2.0,1.0,P3-v0.1,P2-v0.1
136608_3-136608-A-16_w000,ESC-50,136608,3-136608-A-16.wav,wind,WIND,test,3,A,0,0,32000,0.0,2.0,5.0,features/mfcc/test/WIND/136608_3-136608-A-16_w000.npy,features/log_mel/test/WIND/136608_3-136608-A-16_w000.npy,"[13, 197]","[64, 197]",16000,2.0,1.0,P3-v0.1,P2-v0.1
136608_3-136608-A-16_w001,ESC-50,136608,3-136608-A-16.wav,wind,WIND,test,3,A,1,16000,48000,1.0,3.0,5.0,features/mfcc/test/WIND/136608_3-136608-A-16_w001.npy,features/log_mel/test/WIND/136608_3-136608-A-16_w001.npy,"[13, 197]","[64, 197]",16000,2.0,1.0,P3-v0.1,P2-v0.1
136608_3-136608-A-16_w002,ESC-50,136608,3-136608-A-16.wav,wind,WIND,test,3,A,2,32000,64000,2.0,4.0,5.0,features/mfcc/test/WIND/136608_3-136608-A-16_w002.npy,features/log_mel/test/WIND/136608_3-136608-A-16_w002.npy,"[13, 197]","[64, 197]",16000,2.0,1.0,P3-v0.1,P2-v0.1
136608_3-136608-A-16_w003,ESC-50,136608,3-136608-A-16.wav,wind,WIND,test,3,A,3,48000,80000,3.0,5.0,5.0,features/mfcc/test/WIND/136608_3-136608-A-16_w003.npy,features/log_mel/test/WIND/136608_3-136608-A-16_w003.npy,"[13, 197]","[64, 197]",16000,2.0,1.0,P3-v0.1,P2-v0.1
205966_2-205966-A-16_w000,ESC-50,205966,2-205966-A-16.wav,wind,WIND,test,2,A,0,0,32000,0.0,2.0,5.0,features/mfcc/test/WIND/205966_2-205966-A-16_w000.npy,features/log_mel/test/WIND/205966_2-205966-A-16_w000.npy,"[13, 197]","[64, 197]",16000,2.0,1.0,P3-v0.1,P2-v0.1
205966_2-205966-A-16_w001,ESC-50,205966,2-205966-A-16.wav,wind,WIND,test,2,A,1,16000,48000,1.0,3.0,5.0,features/mfcc/test/WIND/205966_2-205966-A-16_w001.npy,features/log_mel/test/WIND/205966_2-205966-A-16_w001.npy,"[13, 197]","[64, 197]",16000,2.0,1.0,P3-v0.1,P2-v0.1
205966_2-205966-A-16_w002,ESC-50,205966,2-205966-A-16.wav,wind,WIND,test,2,A,2,32000,64000,2.0,4.0,5.0,features/mfcc/test/WIND/205966_2-205966-A-16_w002.npy,features/log_mel/test/WIND/205966_2-205966-A-16_w002.npy,"[13, 197]","[64, 197]",16000,2.0,1.0,P3-v0.1,P2-v0.1
205966_2-205966-A-16_w003,ESC-50,205966,2-205966-A-16.wav,wind,WIND,test,2,A,3,48000,80000,3.0,5.0,5.0,features/mfcc/test/WIND/205966_2-205966-A-16_w003.npy,features/log_mel/test/WIND/205966_2-205966-A-16_w003.npy,"[13, 197]","[64, 197]",16000,2.0,1.0,P3-v0.1,P2-v0.1
18527_1-18527-A-44_w000,ESC-50,18527,1-18527-A-44.wav,engine,ENGINE,train,1,A,0,0,32000,0.0,2.0,5.0,features/mfcc/train/ENGINE/18527_1-18527-A-44_w000.npy,features/log_mel/train/ENGINE/18527_1-18527-A-44_w000.npy,"[13, 197]","[64, 197]",16000,2.0,1.0,P3-v0.1,P2-v0.1
18527_1-18527-A-44_w001,ESC-50,18527,1-18527-A-44.wav,engine,ENGINE,train,1,A,1,16000,48000,1.0,3.0,5.0,features/mfcc/train/ENGINE/18527_1-18527-A-44_w001.npy,features/log_mel/train/ENGINE/18527_1-18527-A-44_w001.npy,"[13, 197]","[64, 197]",16000,2.0,1.0,P3-v0.1,P2-v0.1
18527_1-18527-A-44_w002,ESC-50,18527,1-18527-A-44.wav,engine,ENGINE,train,1,A,2,32000,64000,2.0,4.0,5.0,features/mfcc/train/ENGINE/18527_1-18527-A-44_w002.npy,features/log_mel/train/ENGINE/18527_1-18527-A-44_w002.npy,"[13, 197]","[64, 197]",16000,2.0,1.0,P3-v0.1,P2-v0.1
18527_1-18527-A-44_w003,ESC-50,18527,1-18527-A-44.wav,engine,ENGINE,train,1,A,3,48000,80000,3.0,5.0,5.0,features/mfcc/train/ENGINE/18527_1-18527-A-44_w003.npy,features/log_mel/train/ENGINE/18527_1-18527-A-44_w003.npy,"[13, 197]","[64, 197]",16000,2.0,1.0,P3-v0.1,P2-v0.1
18527_1-18527-B-44_w000,ESC-50,18527,1-18527-B-44.wav,engine,ENGINE,train,1,B,0,0,32000,0.0,2.0,5.0,features/mfcc/train/ENGINE/18527_1-18527-B-44_w000.npy,features/log_mel/train/ENGINE/18527_1-18527-B-44_w000.npy,"[13, 197]","[64, 197]",16000,2.0,1.0,P3-v0.1,P2-v0.1
18527_1-18527-B-44_w001,ESC-50,18527,1-18527-B-44.wav,engine,ENGINE,train,1,B,1,16000,48000,1.0,3.0,5.0,features/mfcc/train/ENGINE/18527_1-18527-B-44_w001.npy,features/log_mel/train/ENGINE/18527_1-18527-B-44_w001.npy,"[13, 197]","[64, 197]",16000,2.0,1.0,P3-v0.1,P2-v0.1
18527_1-18527-B-44_w002,ESC-50,18527,1-18527-B-44.wav,engine,ENGINE,train,1,B,2,32000,64000,2.0,4.0,5.0,features/mfcc/train/ENGINE/18527_1-18527-B-44_w002.npy,features/log_mel/train/ENGINE/18527_1-18527-B-44_w002.npy,"[13, 197]","[64, 197]",16000,2.0,1.0,P3-v0.1,P2-v0.1
18527_1-18527-B-44_w003,ESC-50,18527,1-18527-B-44.wav,engine,ENGINE,train,1,B,3,48000,80000,3.0,5.0,5.0,features/mfcc/train/ENGINE/18527_1-18527-B-44_w003.npy,features/log_mel/train/ENGINE/18527_1-18527-B-44_w003.npy,"[13, 197]","[64, 197]",16000,2.0,1.0,P3-v0.1,P2-v0.1
22882_1-22882-A-44_w000,ESC-50,22882,1-22882-A-44.wav,engine,ENGINE,train,1,A,0,0,32000,0.0,2.0,5.0,features/mfcc/train/ENGINE/22882_1-22882-A-44_w000.npy,features/log_mel/train/ENGINE/22882_1-22882-A-44_w000.npy,"[13, 197]","[64, 197]",16000,2.0,1.0,P3-v0.1,P2-v0.1
22882_1-22882-A-44_w001,ESC-50,22882,1-22882-A-44.wav,engine,ENGINE,train,1,A,1,16000,48000,1.0,3.0,5.0,features/mfcc/train/ENGINE/22882_1-22882-A-44_w001.npy,features/log_mel/train/ENGINE/22882_1-22882-A-44_w001.npy,"[13, 197]","[64, 197]",16000,2.0,1.0,P3-v0.1,P2-v0.1
22882_1-22882-A-44_w002,ESC-50,22882,1-22882-A-44.wav,engine,ENGINE,train,1,A,2,32000,64000,2.0,4.0,5.0,features/mfcc/train/ENGINE/22882_1-22882-A-44_w002.npy,features/log_mel/train/ENGINE/22882_1-22882-A-44_w002.npy,"[13, 197]","[64, 197]",16000,2.0,1.0,P3-v0.1,P2-v0.1
22882_1-22882-A-44_w003,ESC-50,22882,1-22882-A-44.wav,engine,ENGINE,train,1,A,3,48000,80000,3.0,5.0,5.0,features/mfcc/train/ENGINE/22882_1-22882-A-44_w003.npy,features/log_mel/train/ENGINE/22882_1-22882-A-44_w003.npy,"[13, 197]","[64, 197]",16000,2.0,1.0,P3-v0.1,P2-v0.1
50661_1-50661-A-44_w000,ESC-50,50661,1-50661-A-44.wav,engine,ENGINE,train,1,A,0,0,32000,0.0,2.0,5.0,features/mfcc/train/ENGINE/50661_1-50661-A-44_w000.npy,features/log_mel/train/ENGINE/50661_1-50661-A-44_w000.npy,"[13, 197]","[64, 197]",16000,2.0,1.0,P3-v0.1,P2-v0.1
50661_1-50661-A-44_w001,ESC-50,50661,1-50661-A-44.wav,engine,ENGINE,train,1,A,1,16000,48000,1.0,3.0,5.0,features/mfcc/train/ENGINE/50661_1-50661-A-44_w001.npy,features/log_mel/train/ENGINE/50661_1-50661-A-44_w001.npy,"[13, 197]","[64, 197]",16000,2.0,1.0,P3-v0.1,P2-v0.1
50661_1-50661-A-44_w002,ESC-50,50661,1-50661-A-44.wav,engine,ENGINE,train,1,A,2,32000,64000,2.0,4.0,5.0,features/mfcc/train/ENGINE/50661_1-50661-A-44_w002.npy,features/log_mel/train/ENGINE/50661_1-50661-A-44_w002.npy,"[13, 197]","[64, 197]",16000,2.0,1.0,P3-v0.1,P2-v0.1
50661_1-50661-A-44_w003,ESC-50,50661,1-50661-A-44.wav,engine,ENGINE,train,1,A,3,48000,80000,3.0,5.0,5.0,features/mfcc/train/ENGINE/50661_1-50661-A-44_w003.npy,features/log_mel/train/ENGINE/50661_1-50661-A-44_w003.npy,"[13, 197]","[64, 197]",16000,2.0,1.0,P3-v0.1,P2-v0.1
61261_1-61261-A-44_w000,ESC-50,61261,1-61261-A-44.wav,engine,ENGINE,train,1,A,0,0,32000,0.0,2.0,5.0,features/mfcc/train/ENGINE/61261_1-61261-A-44_w000.npy,features/log_mel/train/ENGINE/61261_1-61261-A-44_w000.npy,"[13, 197]","[64, 197]",16000,2.0,1.0,P3-v0.1,P2-v0.1
61261_1-61261-A-44_w001,ESC-50,61261,1-61261-A-44.wav,engine,ENGINE,train,1,A,1,16000,48000,1.0,3.0,5.0,features/mfcc/train/ENGINE/61261_1-61261-A-44_w001.npy,features/log_mel/train/ENGINE/61261_1-61261-A-44_w001.npy,"[13, 197]","[64, 197]",16000,2.0,1.0,P3-v0.1,P2-v0.1
61261_1-61261-A-44_w002,ESC-50,61261,1-61261-A-44.wav,engine,ENGINE,train,1,A,2,32000,64000,2.0,4.0,5.0,features/mfcc/train/ENGINE/61261_1-61261-A-44_w002.npy,features/log_mel/train/ENGINE/61261_1-61261-A-44_w002.npy,"[13, 197]","[64, 197]",16000,2.0,1.0,P3-v0.1,P2-v0.1
61261_1-61261-A-44_w003,ESC-50,61261,1-61261-A-44.wav,engine,ENGINE,train,1,A,3,48000,80000,3.0,5.0,5.0,features/mfcc/train/ENGINE/61261_1-61261-A-44_w003.npy,features/log_mel/train/ENGINE/61261_1-61261-A-44_w003.npy,"[13, 197]","[64, 197]",16000,2.0,1.0,P3-v0.1,P2-v0.1
62565_1-62565-A-44_w000,ESC-50,62565,1-62565-A-44.wav,engine,ENGINE,train,1,A,0,0,32000,0.0,2.0,5.0,features/mfcc/train/ENGINE/62565_1-62565-A-44_w000.npy,features/log_mel/train/ENGINE/62565_1-62565-A-44_w000.npy,"[13, 197]","[64, 197]",16000,2.0,1.0,P3-v0.1,P2-v0.1
62565_1-62565-A-44_w001,ESC-50,62565,1-62565-A-44.wav,engine,ENGINE,train,1,A,1,16000,48000,1.0,3.0,5.0,features/mfcc/train/ENGINE/62565_1-62565-A-44_w001.npy,features/log_mel/train/ENGINE/62565_1-62565-A-44_w001.npy,"[13, 197]","[64, 197]",16000,2.0,1.0,P3-v0.1,P2-v0.1
62565_1-62565-A-44_w002,ESC-50,62565,1-62565-A-44.wav,engine,ENGINE,train,1,A,2,32000,64000,2.0,4.0,5.0,features/mfcc/train/ENGINE/62565_1-62565-A-44_w002.npy,features/log_mel/train/ENGINE/62565_1-62565-A-44_w002.npy,"[13, 197]","[64, 197]",16000,2.0,1.0,P3-v0.1,P2-v0.1
62565_1-62565-A-44_w003,ESC-50,62565,1-62565-A-44.wav,engine,ENGINE,train,1,A,3,48000,80000,3.0,5.0,5.0,features/mfcc/train/ENGINE/62565_1-62565-A-44_w003.npy,features/log_mel/train/ENGINE/62565_1-62565-A-44_w003.npy,"[13, 197]","[64, 197]",16000,2.0,1.0,P3-v0.1,P2-v0.1
106014_2-106014-A-44_w000,ESC-50,106014,2-106014-A-44.wav,engine,ENGINE,train,2,A,0,0,32000,0.0,2.0,5.0,features/mfcc/train/ENGINE/106014_2-106014-A-44_w000.npy,features/log_mel/train/ENGINE/106014_2-106014-A-44_w000.npy,"[13, 197]","[64, 197]",16000,2.0,1.0,P3-v0.1,P2-v0.1
106014_2-106014-A-44_w001,ESC-50,106014,2-106014-A-44.wav,engine,ENGINE,train,2,A,1,16000,48000,1.0,3.0,5.0,features/mfcc/train/ENGINE/106014_2-106014-A-44_w001.npy,features/log_mel/train/ENGINE/106014_2-106014-A-44_w001.npy,"[13, 197]","[64, 197]",16000,2.0,1.0,P3-v0.1,P2-v0.1
106014_2-106014-A-44_w002,ESC-50,106014,2-106014-A-44.wav,engine,ENGINE,train,2,A,2,32000,64000,2.0,4.0,5.0,features/mfcc/train/ENGINE/106014_2-106014-A-44_w002.npy,features/log_mel/train/ENGINE/106014_2-106014-A-44_w002.npy,"[13, 197]","[64, 197]",16000,2.0,1.0,P3-v0.1,P2-v0.1
106014_2-106014-A-44_w003,ESC-50,106014,2-106014-A-44.wav,engine,ENGINE,train,2,A,3,48000,80000,3.0,5.0,5.0,features/mfcc/train/ENGINE/106014_2-106014-A-44_w003.npy,features/log_mel/train/ENGINE/106014_2-106014-A-44_w003.npy,"[13, 197]","[64, 197]",16000,2.0,1.0,P3-v0.1,P2-v0.1
106015_2-106015-A-44_w000,ESC-50,106015,2-106015-A-44.wav,engine,ENGINE,train,2,A,0,0,32000,0.0,2.0,5.0,features/mfcc/train/ENGINE/106015_2-106015-A-44_w000.npy,features/log_mel/train/ENGINE/106015_2-106015-A-44_w000.npy,"[13, 197]","[64, 197]",16000,2.0,1.0,P3-v0.1,P2-v0.1
106015_2-106015-A-44_w001,ESC-50,106015,2-106015-A-44.wav,engine,ENGINE,train,2,A,1,16000,48000,1.0,3.0,5.0,features/mfcc/train/ENGINE/106015_2-106015-A-44_w001.npy,features/log_mel/train/ENGINE/106015_2-106015-A-44_w001.npy,"[13, 197]","[64, 197]",16000,2.0,1.0,P3-v0.1,P2-v0.1
106015_2-106015-A-44_w002,ESC-50,106015,2-106015-A-44.wav,engine,ENGINE,train,2,A,2,32000,64000,2.0,4.0,5.0,features/mfcc/train/ENGINE/106015_2-106015-A-44_w002.npy,features/log_mel/train/ENGINE/106015_2-106015-A-44_w002.npy,"[13, 197]","[64, 197]",16000,2.0,1.0,P3-v0.1,P2-v0.1
106015_2-106015-A-44_w003,ESC-50,106015,2-106015-A-44.wav,engine,ENGINE,train,2,A,3,48000,80000,3.0,5.0,5.0,features/mfcc/train/ENGINE/106015_2-106015-A-44_w003.npy,features/log_mel/train/ENGINE/106015_2-106015-A-44_w003.npy,"[13, 197]","[64, 197]",16000,2.0,1.0,P3-v0.1,P2-v0.1
106015_2-106015-B-44_w000,ESC-50,106015,2-106015-B-44.wav,engine,ENGINE,train,2,B,0,0,32000,0.0,2.0,5.0,features/mfcc/train/ENGINE/106015_2-106015-B-44_w000.npy,features/log_mel/train/ENGINE/106015_2-106015-B-44_w000.npy,"[13, 197]","[64, 197]",16000,2.0,1.0,P3-v0.1,P2-v0.1
106015_2-106015-B-44_w001,ESC-50,106015,2-106015-B-44.wav,engine,ENGINE,train,2,B,1,16000,48000,1.0,3.0,5.0,features/mfcc/train/ENGINE/106015_2-106015-B-44_w001.npy,features/log_mel/train/ENGINE/106015_2-106015-B-44_w001.npy,"[13, 197]","[64, 197]",16000,2.0,1.0,P3-v0.1,P2-v0.1
106015_2-106015-B-44_w002,ESC-50,106015,2-106015-B-44.wav,engine,ENGINE,train,2,B,2,32000,64000,2.0,4.0,5.0,features/mfcc/train/ENGINE/106015_2-106015-B-44_w002.npy,features/log_mel/train/ENGINE/106015_2-106015-B-44_w002.npy,"[13, 197]","[64, 197]",16000,2.0,1.0,P3-v0.1,P2-v0.1
106015_2-106015-B-44_w003,ESC-50,106015,2-106015-B-44.wav,engine,ENGINE,train,2,B,3,48000,80000,3.0,5.0,5.0,features/mfcc/train/ENGINE/106015_2-106015-B-44_w003.npy,features/log_mel/train/ENGINE/106015_2-106015-B-44_w003.npy,"[13, 197]","[64, 197]",16000,2.0,1.0,P3-v0.1,P2-v0.1
106486_2-106486-A-44_w000,ESC-50,106486,2-106486-A-44.wav,engine,ENGINE,train,2,A,0,0,32000,0.0,2.0,5.0,features/mfcc/train/ENGINE/106486_2-106486-A-44_w000.npy,features/log_mel/train/ENGINE/106486_2-106486-A-44_w000.npy,"[13, 197]","[64, 197]",16000,2.0,1.0,P3-v0.1,P2-v0.1
106486_2-106486-A-44_w001,ESC-50,106486,2-106486-A-44.wav,engine,ENGINE,train,2,A,1,16000,48000,1.0,3.0,5.0,features/mfcc/train/ENGINE/106486_2-106486-A-44_w001.npy,features/log_mel/train/ENGINE/106486_2-106486-A-44_w001.npy,"[13, 197]","[64, 197]",16000,2.0,1.0,P3-v0.1,P2-v0.1
106486_2-106486-A-44_w002,ESC-50,106486,2-106486-A-44.wav,engine,ENGINE,train,2,A,2,32000,64000,2.0,4.0,5.0,features/mfcc/train/ENGINE/106486_2-106486-A-44_w002.npy,features/log_mel/train/ENGINE/106486_2-106486-A-44_w002.npy,"[13, 197]","[64, 197]",16000,2.0,1.0,P3-v0.1,P2-v0.1
106486_2-106486-A-44_w003,ESC-50,106486,2-106486-A-44.wav,engine,ENGINE,train,2,A,3,48000,80000,3.0,5.0,5.0,features/mfcc/train/ENGINE/106486_2-106486-A-44_w003.npy,features/log_mel/train/ENGINE/106486_2-106486-A-44_w003.npy,"[13, 197]","[64, 197]",16000,2.0,1.0,P3-v0.1,P2-v0.1
106487_2-106487-A-44_w000,ESC-50,106487,2-106487-A-44.wav,engine,ENGINE,train,2,A,0,0,32000,0.0,2.0,5.0,features/mfcc/train/ENGINE/106487_2-106487-A-44_w000.npy,features/log_mel/train/ENGINE/106487_2-106487-A-44_w000.npy,"[13, 197]","[64, 197]",16000,2.0,1.0,P3-v0.1,P2-v0.1
106487_2-106487-A-44_w001,ESC-50,106487,2-106487-A-44.wav,engine,ENGINE,train,2,A,1,16000,48000,1.0,3.0,5.0,features/mfcc/train/ENGINE/106487_2-106487-A-44_w001.npy,features/log_mel/train/ENGINE/106487_2-106487-A-44_w001.npy,"[13, 197]","[64, 197]",16000,2.0,1.0,P3-v0.1,P2-v0.1
106487_2-106487-A-44_w002,ESC-50,106487,2-106487-A-44.wav,engine,ENGINE,train,2,A,2,32000,64000,2.0,4.0,5.0,features/mfcc/train/ENGINE/106487_2-106487-A-44_w002.npy,features/log_mel/train/ENGINE/106487_2-106487-A-44_w002.npy,"[13, 197]","[64, 197]",16000,2.0,1.0,P3-v0.1,P2-v0.1
106487_2-106487-A-44_w003,ESC-50,106487,2-106487-A-44.wav,engine,ENGINE,train,2,A,3,48000,80000,3.0,5.0,5.0,features/mfcc/train/ENGINE/106487_2-106487-A-44_w003.npy,features/log_mel/train/ENGINE/106487_2-106487-A-44_w003.npy,"[13, 197]","[64, 197]",16000,2.0,1.0,P3-v0.1,P2-v0.1
107228_2-107228-A-44_w000,ESC-50,107228,2-107228-A-44.wav,engine,ENGINE,train,2,A,0,0,32000,0.0,2.0,5.0,features/mfcc/train/ENGINE/107228_2-107228-A-44_w000.npy,features/log_mel/train/ENGINE/107228_2-107228-A-44_w000.npy,"[13, 197]","[64, 197]",16000,2.0,1.0,P3-v0.1,P2-v0.1
107228_2-107228-A-44_w001,ESC-50,107228,2-107228-A-44.wav,engine,ENGINE,train,2,A,1,16000,48000,1.0,3.0,5.0,features/mfcc/train/ENGINE/107228_2-107228-A-44_w001.npy,features/log_mel/train/ENGINE/107228_2-107228-A-44_w001.npy,"[13, 197]","[64, 197]",16000,2.0,1.0,P3-v0.1,P2-v0.1
107228_2-107228-A-44_w002,ESC-50,107228,2-107228-A-44.wav,engine,ENGINE,train,2,A,2,32000,64000,2.0,4.0,5.0,features/mfcc/train/ENGINE/107228_2-107228-A-44_w002.npy,features/log_mel/train/ENGINE/107228_2-107228-A-44_w002.npy,"[13, 197]","[64, 197]",16000,2.0,1.0,P3-v0.1,P2-v0.1
107228_2-107228-A-44_w003,ESC-50,107228,2-107228-A-44.wav,engine,ENGINE,train,2,A,3,48000,80000,3.0,5.0,5.0,features/mfcc/train/ENGINE/107228_2-107228-A-44_w003.npy,features/log_mel/train/ENGINE/107228_2-107228-A-44_w003.npy,"[13, 197]","[64, 197]",16000,2.0,1.0,P3-v0.1,P2-v0.1
107228_2-107228-B-44_w000,ESC-50,107228,2-107228-B-44.wav,engine,ENGINE,train,2,B,0,0,32000,0.0,2.0,5.0,features/mfcc/train/ENGINE/107228_2-107228-B-44_w000.npy,features/log_mel/train/ENGINE/107228_2-107228-B-44_w000.npy,"[13, 197]","[64, 197]",16000,2.0,1.0,P3-v0.1,P2-v0.1
107228_2-107228-B-44_w001,ESC-50,107228,2-107228-B-44.wav,engine,ENGINE,train,2,B,1,16000,48000,1.0,3.0,5.0,features/mfcc/train/ENGINE/107228_2-107228-B-44_w001.npy,features/log_mel/train/ENGINE/107228_2-107228-B-44_w001.npy,"[13, 197]","[64, 197]",16000,2.0,1.0,P3-v0.1,P2-v0.1
107228_2-107228-B-44_w002,ESC-50,107228,2-107228-B-44.wav,engine,ENGINE,train,2,B,2,32000,64000,2.0,4.0,5.0,features/mfcc/train/ENGINE/107228_2-107228-B-44_w002.npy,features/log_mel/train/ENGINE/107228_2-107228-B-44_w002.npy,"[13, 197]","[64, 197]",16000,2.0,1.0,P3-v0.1,P2-v0.1
107228_2-107228-B-44_w003,ESC-50,107228,2-107228-B-44.wav,engine,ENGINE,train,2,B,3,48000,80000,3.0,5.0,5.0,features/mfcc/train/ENGINE/107228_2-107228-B-44_w003.npy,features/log_mel/train/ENGINE/107228_2-107228-B-44_w003.npy,"[13, 197]","[64, 197]",16000,2.0,1.0,P3-v0.1,P2-v0.1
119455_3-119455-A-44_w000,ESC-50,119455,3-119455-A-44.wav,engine,ENGINE,train,3,A,0,0,32000,0.0,2.0,5.0,features/mfcc/train/ENGINE/119455_3-119455-A-44_w000.npy,features/log_mel/train/ENGINE/119455_3-119455-A-44_w000.npy,"[13, 197]","[64, 197]",16000,2.0,1.0,P3-v0.1,P2-v0.1
119455_3-119455-A-44_w001,ESC-50,119455,3-119455-A-44.wav,engine,ENGINE,train,3,A,1,16000,48000,1.0,3.0,5.0,features/mfcc/train/ENGINE/119455_3-119455-A-44_w001.npy,features/log_mel/train/ENGINE/119455_3-119455-A-44_w001.npy,"[13, 197]","[64, 197]",16000,2.0,1.0,P3-v0.1,P2-v0.1
119455_3-119455-A-44_w002,ESC-50,119455,3-119455-A-44.wav,engine,ENGINE,train,3,A,2,32000,64000,2.0,4.0,5.0,features/mfcc/train/ENGINE/119455_3-119455-A-44_w002.npy,features/log_mel/train/ENGINE/119455_3-119455-A-44_w002.npy,"[13, 197]","[64, 197]",16000,2.0,1.0,P3-v0.1,P2-v0.1
119455_3-119455-A-44_w003,ESC-50,119455,3-119455-A-44.wav,engine,ENGINE,train,3,A,3,48000,80000,3.0,5.0,5.0,features/mfcc/train/ENGINE/119455_3-119455-A-44_w003.npy,features/log_mel/train/ENGINE/119455_3-119455-A-44_w003.npy,"[13, 197]","[64, 197]",16000,2.0,1.0,P3-v0.1,P2-v0.1
141240_3-141240-A-44_w000,ESC-50,141240,3-141240-A-44.wav,engine,ENGINE,train,3,A,0,0,32000,0.0,2.0,5.0,features/mfcc/train/ENGINE/141240_3-141240-A-44_w000.npy,features/log_mel/train/ENGINE/141240_3-141240-A-44_w000.npy,"[13, 197]","[64, 197]",16000,2.0,1.0,P3-v0.1,P2-v0.1
141240_3-141240-A-44_w001,ESC-50,141240,3-141240-A-44.wav,engine,ENGINE,train,3,A,1,16000,48000,1.0,3.0,5.0,features/mfcc/train/ENGINE/141240_3-141240-A-44_w001.npy,features/log_mel/train/ENGINE/141240_3-141240-A-44_w001.npy,"[13, 197]","[64, 197]",16000,2.0,1.0,P3-v0.1,P2-v0.1
141240_3-141240-A-44_w002,ESC-50,141240,3-141240-A-44.wav,engine,ENGINE,train,3,A,2,32000,64000,2.0,4.0,5.0,features/mfcc/train/ENGINE/141240_3-141240-A-44_w002.npy,features/log_mel/train/ENGINE/141240_3-141240-A-44_w002.npy,"[13, 197]","[64, 197]",16000,2.0,1.0,P3-v0.1,P2-v0.1
141240_3-141240-A-44_w003,ESC-50,141240,3-141240-A-44.wav,engine,ENGINE,train,3,A,3,48000,80000,3.0,5.0,5.0,features/mfcc/train/ENGINE/141240_3-141240-A-44_w003.npy,features/log_mel/train/ENGINE/141240_3-141240-A-44_w003.npy,"[13, 197]","[64, 197]",16000,2.0,1.0,P3-v0.1,P2-v0.1
141240_3-141240-B-44_w000,ESC-50,141240,3-141240-B-44.wav,engine,ENGINE,train,3,B,0,0,32000,0.0,2.0,5.0,features/mfcc/train/ENGINE/141240_3-141240-B-44_w000.npy,features/log_mel/train/ENGINE/141240_3-141240-B-44_w000.npy,"[13, 197]","[64, 197]",16000,2.0,1.0,P3-v0.1,P2-v0.1
141240_3-141240-B-44_w001,ESC-50,141240,3-141240-B-44.wav,engine,ENGINE,train,3,B,1,16000,48000,1.0,3.0,5.0,features/mfcc/train/ENGINE/141240_3-141240-B-44_w001.npy,features/log_mel/train/ENGINE/141240_3-141240-B-44_w001.npy,"[13, 197]","[64, 197]",16000,2.0,1.0,P3-v0.1,P2-v0.1
141240_3-141240-B-44_w002,ESC-50,141240,3-141240-B-44.wav,engine,ENGINE,train,3,B,2,32000,64000,2.0,4.0,5.0,features/mfcc/train/ENGINE/141240_3-141240-B-44_w002.npy,features/log_mel/train/ENGINE/141240_3-141240-B-44_w002.npy,"[13, 197]","[64, 197]",16000,2.0,1.0,P3-v0.1,P2-v0.1
141240_3-141240-B-44_w003,ESC-50,141240,3-141240-B-44.wav,engine,ENGINE,train,3,B,3,48000,80000,3.0,5.0,5.0,features/mfcc/train/ENGINE/141240_3-141240-B-44_w003.npy,features/log_mel/train/ENGINE/141240_3-141240-B-44_w003.npy,"[13, 197]","[64, 197]",16000,2.0,1.0,P3-v0.1,P2-v0.1
146186_3-146186-A-44_w000,ESC-50,146186,3-146186-A-44.wav,engine,ENGINE,train,3,A,0,0,32000,0.0,2.0,5.0,features/mfcc/train/ENGINE/146186_3-146186-A-44_w000.npy,features/log_mel/train/ENGINE/146186_3-146186-A-44_w000.npy,"[13, 197]","[64, 197]",16000,2.0,1.0,P3-v0.1,P2-v0.1
146186_3-146186-A-44_w001,ESC-50,146186,3-146186-A-44.wav,engine,ENGINE,train,3,A,1,16000,48000,1.0,3.0,5.0,features/mfcc/train/ENGINE/146186_3-146186-A-44_w001.npy,features/log_mel/train/ENGINE/146186_3-146186-A-44_w001.npy,"[13, 197]","[64, 197]",16000,2.0,1.0,P3-v0.1,P2-v0.1
146186_3-146186-A-44_w002,ESC-50,146186,3-146186-A-44.wav,engine,ENGINE,train,3,A,2,32000,64000,2.0,4.0,5.0,features/mfcc/train/ENGINE/146186_3-146186-A-44_w002.npy,features/log_mel/train/ENGINE/146186_3-146186-A-44_w002.npy,"[13, 197]","[64, 197]",16000,2.0,1.0,P3-v0.1,P2-v0.1
146186_3-146186-A-44_w003,ESC-50,146186,3-146186-A-44.wav,engine,ENGINE,train,3,A,3,48000,80000,3.0,5.0,5.0,features/mfcc/train/ENGINE/146186_3-146186-A-44_w003.npy,features/log_mel/train/ENGINE/146186_3-146186-A-44_w003.npy,"[13, 197]","[64, 197]",16000,2.0,1.0,P3-v0.1,P2-v0.1
171652_4-171652-A-44_w000,ESC-50,171652,4-171652-A-44.wav,engine,ENGINE,train,4,A,0,0,32000,0.0,2.0,5.0,features/mfcc/train/ENGINE/171652_4-171652-A-44_w000.npy,features/log_mel/train/ENGINE/171652_4-171652-A-44_w000.npy,"[13, 197]","[64, 197]",16000,2.0,1.0,P3-v0.1,P2-v0.1
171652_4-171652-A-44_w001,ESC-50,171652,4-171652-A-44.wav,engine,ENGINE,train,4,A,1,16000,48000,1.0,3.0,5.0,features/mfcc/train/ENGINE/171652_4-171652-A-44_w001.npy,features/log_mel/train/ENGINE/171652_4-171652-A-44_w001.npy,"[13, 197]","[64, 197]",16000,2.0,1.0,P3-v0.1,P2-v0.1
171652_4-171652-A-44_w002,ESC-50,171652,4-171652-A-44.wav,engine,ENGINE,train,4,A,2,32000,64000,2.0,4.0,5.0,features/mfcc/train/ENGINE/171652_4-171652-A-44_w002.npy,features/log_mel/train/ENGINE/171652_4-171652-A-44_w002.npy,"[13, 197]","[64, 197]",16000,2.0,1.0,P3-v0.1,P2-v0.1
171652_4-171652-A-44_w003,ESC-50,171652,4-171652-A-44.wav,engine,ENGINE,train,4,A,3,48000,80000,3.0,5.0,5.0,features/mfcc/train/ENGINE/171652_4-171652-A-44_w003.npy,features/log_mel/train/ENGINE/171652_4-171652-A-44_w003.npy,"[13, 197]","[64, 197]",16000,2.0,1.0,P3-v0.1,P2-v0.1
186935_4-186935-A-44_w000,ESC-50,186935,4-186935-A-44.wav,engine,ENGINE,train,4,A,0,0,32000,0.0,2.0,5.0,features/mfcc/train/ENGINE/186935_4-186935-A-44_w000.npy,features/log_mel/train/ENGINE/186935_4-186935-A-44_w000.npy,"[13, 197]","[64, 197]",16000,2.0,1.0,P3-v0.1,P2-v0.1
186935_4-186935-A-44_w001,ESC-50,186935,4-186935-A-44.wav,engine,ENGINE,train,4,A,1,16000,48000,1.0,3.0,5.0,features/mfcc/train/ENGINE/186935_4-186935-A-44_w001.npy,features/log_mel/train/ENGINE/186935_4-186935-A-44_w001.npy,"[13, 197]","[64, 197]",16000,2.0,1.0,P3-v0.1,P2-v0.1
186935_4-186935-A-44_w002,ESC-50,186935,4-186935-A-44.wav,engine,ENGINE,train,4,A,2,32000,64000,2.0,4.0,5.0,features/mfcc/train/ENGINE/186935_4-186935-A-44_w002.npy,features/log_mel/train/ENGINE/186935_4-186935-A-44_w002.npy,"[13, 197]","[64, 197]",16000,2.0,1.0,P3-v0.1,P2-v0.1
186935_4-186935-A-44_w003,ESC-50,186935,4-186935-A-44.wav,engine,ENGINE,train,4,A,3,48000,80000,3.0,5.0,5.0,features/mfcc/train/ENGINE/186935_4-186935-A-44_w003.npy,features/log_mel/train/ENGINE/186935_4-186935-A-44_w003.npy,"[13, 197]","[64, 197]",16000,2.0,1.0,P3-v0.1,P2-v0.1
186936_4-186936-A-44_w000,ESC-50,186936,4-186936-A-44.wav,engine,ENGINE,train,4,A,0,0,32000,0.0,2.0,5.0,features/mfcc/train/ENGINE/186936_4-186936-A-44_w000.npy,features/log_mel/train/ENGINE/186936_4-186936-A-44_w000.npy,"[13, 197]","[64, 197]",16000,2.0,1.0,P3-v0.1,P2-v0.1
186936_4-186936-A-44_w001,ESC-50,186936,4-186936-A-44.wav,engine,ENGINE,train,4,A,1,16000,48000,1.0,3.0,5.0,features/mfcc/train/ENGINE/186936_4-186936-A-44_w001.npy,features/log_mel/train/ENGINE/186936_4-186936-A-44_w001.npy,"[13, 197]","[64, 197]",16000,2.0,1.0,P3-v0.1,P2-v0.1
186936_4-186936-A-44_w002,ESC-50,186936,4-186936-A-44.wav,engine,ENGINE,train,4,A,2,32000,64000,2.0,4.0,5.0,features/mfcc/train/ENGINE/186936_4-186936-A-44_w002.npy,features/log_mel/train/ENGINE/186936_4-186936-A-44_w002.npy,"[13, 197]","[64, 197]",16000,2.0,1.0,P3-v0.1,P2-v0.1
186936_4-186936-A-44_w003,ESC-50,186936,4-186936-A-44.wav,engine,ENGINE,train,4,A,3,48000,80000,3.0,5.0,5.0,features/mfcc/train/ENGINE/186936_4-186936-A-44_w003.npy,features/log_mel/train/ENGINE/186936_4-186936-A-44_w003.npy,"[13, 197]","[64, 197]",16000,2.0,1.0,P3-v0.1,P2-v0.1
186938_4-186938-A-44_w000,ESC-50,186938,4-186938-A-44.wav,engine,ENGINE,train,4,A,0,0,32000,0.0,2.0,5.0,features/mfcc/train/ENGINE/186938_4-186938-A-44_w000.npy,features/log_mel/train/ENGINE/186938_4-186938-A-44_w000.npy,"[13, 197]","[64, 197]",16000,2.0,1.0,P3-v0.1,P2-v0.1
186938_4-186938-A-44_w001,ESC-50,186938,4-186938-A-44.wav,engine,ENGINE,train,4,A,1,16000,48000,1.0,3.0,5.0,features/mfcc/train/ENGINE/186938_4-186938-A-44_w001.npy,features/log_mel/train/ENGINE/186938_4-186938-A-44_w001.npy,"[13, 197]","[64, 197]",16000,2.0,1.0,P3-v0.1,P2-v0.1
186938_4-186938-A-44_w002,ESC-50,186938,4-186938-A-44.wav,engine,ENGINE,train,4,A,2,32000,64000,2.0,4.0,5.0,features/mfcc/train/ENGINE/186938_4-186938-A-44_w002.npy,features/log_mel/train/ENGINE/186938_4-186938-A-44_w002.npy,"[13, 197]","[64, 197]",16000,2.0,1.0,P3-v0.1,P2-v0.1
186938_4-186938-A-44_w003,ESC-50,186938,4-186938-A-44.wav,engine,ENGINE,train,4,A,3,48000,80000,3.0,5.0,5.0,features/mfcc/train/ENGINE/186938_4-186938-A-44_w003.npy,features/log_mel/train/ENGINE/186938_4-186938-A-44_w003.npy,"[13, 197]","[64, 197]",16000,2.0,1.0,P3-v0.1,P2-v0.1
186940_4-186940-A-44_w000,ESC-50,186940,4-186940-A-44.wav,engine,ENGINE,train,4,A,0,0,32000,0.0,2.0,5.0,features/mfcc/train/ENGINE/186940_4-186940-A-44_w000.npy,features/log_mel/train/ENGINE/186940_4-186940-A-44_w000.npy,"[13, 197]","[64, 197]",16000,2.0,1.0,P3-v0.1,P2-v0.1
186940_4-186940-A-44_w001,ESC-50,186940,4-186940-A-44.wav,engine,ENGINE,train,4,A,1,16000,48000,1.0,3.0,5.0,features/mfcc/train/ENGINE/186940_4-186940-A-44_w001.npy,features/log_mel/train/ENGINE/186940_4-186940-A-44_w001.npy,"[13, 197]","[64, 197]",16000,2.0,1.0,P3-v0.1,P2-v0.1
186940_4-186940-A-44_w002,ESC-50,186940,4-186940-A-44.wav,engine,ENGINE,train,4,A,2,32000,64000,2.0,4.0,5.0,features/mfcc/train/ENGINE/186940_4-186940-A-44_w002.npy,features/log_mel/train/ENGINE/186940_4-186940-A-44_w002.npy,"[13, 197]","[64, 197]",16000,2.0,1.0,P3-v0.1,P2-v0.1
186940_4-186940-A-44_w003,ESC-50,186940,4-186940-A-44.wav,engine,ENGINE,train,4,A,3,48000,80000,3.0,5.0,5.0,features/mfcc/train/ENGINE/186940_4-186940-A-44_w003.npy,features/log_mel/train/ENGINE/186940_4-186940-A-44_w003.npy,"[13, 197]","[64, 197]",16000,2.0,1.0,P3-v0.1,P2-v0.1
186962_4-186962-A-44_w000,ESC-50,186962,4-186962-A-44.wav,engine,ENGINE,train,4,A,0,0,32000,0.0,2.0,5.0,features/mfcc/train/ENGINE/186962_4-186962-A-44_w000.npy,features/log_mel/train/ENGINE/186962_4-186962-A-44_w000.npy,"[13, 197]","[64, 197]",16000,2.0,1.0,P3-v0.1,P2-v0.1
186962_4-186962-A-44_w001,ESC-50,186962,4-186962-A-44.wav,engine,ENGINE,train,4,A,1,16000,48000,1.0,3.0,5.0,features/mfcc/train/ENGINE/186962_4-186962-A-44_w001.npy,features/log_mel/train/ENGINE/186962_4-186962-A-44_w001.npy,"[13, 197]","[64, 197]",16000,2.0,1.0,P3-v0.1,P2-v0.1
186962_4-186962-A-44_w002,ESC-50,186962,4-186962-A-44.wav,engine,ENGINE,train,4,A,2,32000,64000,2.0,4.0,5.0,features/mfcc/train/ENGINE/186962_4-186962-A-44_w002.npy,features/log_mel/train/ENGINE/186962_4-186962-A-44_w002.npy,"[13, 197]","[64, 197]",16000,2.0,1.0,P3-v0.1,P2-v0.1
186962_4-186962-A-44_w003,ESC-50,186962,4-186962-A-44.wav,engine,ENGINE,train,4,A,3,48000,80000,3.0,5.0,5.0,features/mfcc/train/ENGINE/186962_4-186962-A-44_w003.npy,features/log_mel/train/ENGINE/186962_4-186962-A-44_w003.npy,"[13, 197]","[64, 197]",16000,2.0,1.0,P3-v0.1,P2-v0.1
232272_5-232272-A-44_w000,ESC-50,232272,5-232272-A-44.wav,engine,ENGINE,train,5,A,0,0,32000,0.0,2.0,5.0,features/mfcc/train/ENGINE/232272_5-232272-A-44_w000.npy,features/log_mel/train/ENGINE/232272_5-232272-A-44_w000.npy,"[13, 197]","[64, 197]",16000,2.0,1.0,P3-v0.1,P2-v0.1
232272_5-232272-A-44_w001,ESC-50,232272,5-232272-A-44.wav,engine,ENGINE,train,5,A,1,16000,48000,1.0,3.0,5.0,features/mfcc/train/ENGINE/232272_5-232272-A-44_w001.npy,features/log_mel/train/ENGINE/232272_5-232272-A-44_w001.npy,"[13, 197]","[64, 197]",16000,2.0,1.0,P3-v0.1,P2-v0.1
232272_5-232272-A-44_w002,ESC-50,232272,5-232272-A-44.wav,engine,ENGINE,train,5,A,2,32000,64000,2.0,4.0,5.0,features/mfcc/train/ENGINE/232272_5-232272-A-44_w002.npy,features/log_mel/train/ENGINE/232272_5-232272-A-44_w002.npy,"[13, 197]","[64, 197]",16000,2.0,1.0,P3-v0.1,P2-v0.1
232272_5-232272-A-44_w003,ESC-50,232272,5-232272-A-44.wav,engine,ENGINE,train,5,A,3,48000,80000,3.0,5.0,5.0,features/mfcc/train/ENGINE/232272_5-232272-A-44_w003.npy,features/log_mel/train/ENGINE/232272_5-232272-A-44_w003.npy,"[13, 197]","[64, 197]",16000,2.0,1.0,P3-v0.1,P2-v0.1
235507_5-235507-A-44_w000,ESC-50,235507,5-235507-A-44.wav,engine,ENGINE,train,5,A,0,0,32000,0.0,2.0,5.0,features/mfcc/train/ENGINE/235507_5-235507-A-44_w000.npy,features/log_mel/train/ENGINE/235507_5-235507-A-44_w000.npy,"[13, 197]","[64, 197]",16000,2.0,1.0,P3-v0.1,P2-v0.1
235507_5-235507-A-44_w001,ESC-50,235507,5-235507-A-44.wav,engine,ENGINE,train,5,A,1,16000,48000,1.0,3.0,5.0,features/mfcc/train/ENGINE/235507_5-235507-A-44_w001.npy,features/log_mel/train/ENGINE/235507_5-235507-A-44_w001.npy,"[13, 197]","[64, 197]",16000,2.0,1.0,P3-v0.1,P2-v0.1
235507_5-235507-A-44_w002,ESC-50,235507,5-235507-A-44.wav,engine,ENGINE,train,5,A,2,32000,64000,2.0,4.0,5.0,features/mfcc/train/ENGINE/235507_5-235507-A-44_w002.npy,features/log_mel/train/ENGINE/235507_5-235507-A-44_w002.npy,"[13, 197]","[64, 197]",16000,2.0,1.0,P3-v0.1,P2-v0.1
235507_5-235507-A-44_w003,ESC-50,235507,5-235507-A-44.wav,engine,ENGINE,train,5,A,3,48000,80000,3.0,5.0,5.0,features/mfcc/train/ENGINE/235507_5-235507-A-44_w003.npy,features/log_mel/train/ENGINE/235507_5-235507-A-44_w003.npy,"[13, 197]","[64, 197]",16000,2.0,1.0,P3-v0.1,P2-v0.1
243773_5-243773-A-44_w000,ESC-50,243773,5-243773-A-44.wav,engine,ENGINE,train,5,A,0,0,32000,0.0,2.0,5.0,features/mfcc/train/ENGINE/243773_5-243773-A-44_w000.npy,features/log_mel/train/ENGINE/243773_5-243773-A-44_w000.npy,"[13, 197]","[64, 197]",16000,2.0,1.0,P3-v0.1,P2-v0.1
243773_5-243773-A-44_w001,ESC-50,243773,5-243773-A-44.wav,engine,ENGINE,train,5,A,1,16000,48000,1.0,3.0,5.0,features/mfcc/train/ENGINE/243773_5-243773-A-44_w001.npy,features/log_mel/train/ENGINE/243773_5-243773-A-44_w001.npy,"[13, 197]","[64, 197]",16000,2.0,1.0,P3-v0.1,P2-v0.1
243773_5-243773-A-44_w002,ESC-50,243773,5-243773-A-44.wav,engine,ENGINE,train,5,A,2,32000,64000,2.0,4.0,5.0,features/mfcc/train/ENGINE/243773_5-243773-A-44_w002.npy,features/log_mel/train/ENGINE/243773_5-243773-A-44_w002.npy,"[13, 197]","[64, 197]",16000,2.0,1.0,P3-v0.1,P2-v0.1
243773_5-243773-A-44_w003,ESC-50,243773,5-243773-A-44.wav,engine,ENGINE,train,5,A,3,48000,80000,3.0,5.0,5.0,features/mfcc/train/ENGINE/243773_5-243773-A-44_w003.npy,features/log_mel/train/ENGINE/243773_5-243773-A-44_w003.npy,"[13, 197]","[64, 197]",16000,2.0,1.0,P3-v0.1,P2-v0.1
243773_5-243773-B-44_w000,ESC-50,243773,5-243773-B-44.wav,engine,ENGINE,train,5,B,0,0,32000,0.0,2.0,5.0,features/mfcc/train/ENGINE/243773_5-243773-B-44_w000.npy,features/log_mel/train/ENGINE/243773_5-243773-B-44_w000.npy,"[13, 197]","[64, 197]",16000,2.0,1.0,P3-v0.1,P2-v0.1
243773_5-243773-B-44_w001,ESC-50,243773,5-243773-B-44.wav,engine,ENGINE,train,5,B,1,16000,48000,1.0,3.0,5.0,features/mfcc/train/ENGINE/243773_5-243773-B-44_w001.npy,features/log_mel/train/ENGINE/243773_5-243773-B-44_w001.npy,"[13, 197]","[64, 197]",16000,2.0,1.0,P3-v0.1,P2-v0.1
243773_5-243773-B-44_w002,ESC-50,243773,5-243773-B-44.wav,engine,ENGINE,train,5,B,2,32000,64000,2.0,4.0,5.0,features/mfcc/train/ENGINE/243773_5-243773-B-44_w002.npy,features/log_mel/train/ENGINE/243773_5-243773-B-44_w002.npy,"[13, 197]","[64, 197]",16000,2.0,1.0,P3-v0.1,P2-v0.1
243773_5-243773-B-44_w003,ESC-50,243773,5-243773-B-44.wav,engine,ENGINE,train,5,B,3,48000,80000,3.0,5.0,5.0,features/mfcc/train/ENGINE/243773_5-243773-B-44_w003.npy,features/log_mel/train/ENGINE/243773_5-243773-B-44_w003.npy,"[13, 197]","[64, 197]",16000,2.0,1.0,P3-v0.1,P2-v0.1
243783_5-243783-A-44_w000,ESC-50,243783,5-243783-A-44.wav,engine,ENGINE,train,5,A,0,0,32000,0.0,2.0,5.0,features/mfcc/train/ENGINE/243783_5-243783-A-44_w000.npy,features/log_mel/train/ENGINE/243783_5-243783-A-44_w000.npy,"[13, 197]","[64, 197]",16000,2.0,1.0,P3-v0.1,P2-v0.1
243783_5-243783-A-44_w001,ESC-50,243783,5-243783-A-44.wav,engine,ENGINE,train,5,A,1,16000,48000,1.0,3.0,5.0,features/mfcc/train/ENGINE/243783_5-243783-A-44_w001.npy,features/log_mel/train/ENGINE/243783_5-243783-A-44_w001.npy,"[13, 197]","[64, 197]",16000,2.0,1.0,P3-v0.1,P2-v0.1
243783_5-243783-A-44_w002,ESC-50,243783,5-243783-A-44.wav,engine,ENGINE,train,5,A,2,32000,64000,2.0,4.0,5.0,features/mfcc/train/ENGINE/243783_5-243783-A-44_w002.npy,features/log_mel/train/ENGINE/243783_5-243783-A-44_w002.npy,"[13, 197]","[64, 197]",16000,2.0,1.0,P3-v0.1,P2-v0.1
243783_5-243783-A-44_w003,ESC-50,243783,5-243783-A-44.wav,engine,ENGINE,train,5,A,3,48000,80000,3.0,5.0,5.0,features/mfcc/train/ENGINE/243783_5-243783-A-44_w003.npy,features/log_mel/train/ENGINE/243783_5-243783-A-44_w003.npy,"[13, 197]","[64, 197]",16000,2.0,1.0,P3-v0.1,P2-v0.1
259622_3-259622-A-44_w000,ESC-50,259622,3-259622-A-44.wav,engine,ENGINE,train,3,A,0,0,32000,0.0,2.0,5.0,features/mfcc/train/ENGINE/259622_3-259622-A-44_w000.npy,features/log_mel/train/ENGINE/259622_3-259622-A-44_w000.npy,"[13, 197]","[64, 197]",16000,2.0,1.0,P3-v0.1,P2-v0.1
259622_3-259622-A-44_w001,ESC-50,259622,3-259622-A-44.wav,engine,ENGINE,train,3,A,1,16000,48000,1.0,3.0,5.0,features/mfcc/train/ENGINE/259622_3-259622-A-44_w001.npy,features/log_mel/train/ENGINE/259622_3-259622-A-44_w001.npy,"[13, 197]","[64, 197]",16000,2.0,1.0,P3-v0.1,P2-v0.1
259622_3-259622-A-44_w002,ESC-50,259622,3-259622-A-44.wav,engine,ENGINE,train,3,A,2,32000,64000,2.0,4.0,5.0,features/mfcc/train/ENGINE/259622_3-259622-A-44_w002.npy,features/log_mel/train/ENGINE/259622_3-259622-A-44_w002.npy,"[13, 197]","[64, 197]",16000,2.0,1.0,P3-v0.1,P2-v0.1
259622_3-259622-A-44_w003,ESC-50,259622,3-259622-A-44.wav,engine,ENGINE,train,3,A,3,48000,80000,3.0,5.0,5.0,features/mfcc/train/ENGINE/259622_3-259622-A-44_w003.npy,features/log_mel/train/ENGINE/259622_3-259622-A-44_w003.npy,"[13, 197]","[64, 197]",16000,2.0,1.0,P3-v0.1,P2-v0.1
17367_1-17367-A-10_w000,ESC-50,17367,1-17367-A-10.wav,rain,RAIN,train,1,A,0,0,32000,0.0,2.0,5.0,features/mfcc/train/RAIN/17367_1-17367-A-10_w000.npy,features/log_mel/train/RAIN/17367_1-17367-A-10_w000.npy,"[13, 197]","[64, 197]",16000,2.0,1.0,P3-v0.1,P2-v0.1
17367_1-17367-A-10_w001,ESC-50,17367,1-17367-A-10.wav,rain,RAIN,train,1,A,1,16000,48000,1.0,3.0,5.0,features/mfcc/train/RAIN/17367_1-17367-A-10_w001.npy,features/log_mel/train/RAIN/17367_1-17367-A-10_w001.npy,"[13, 197]","[64, 197]",16000,2.0,1.0,P3-v0.1,P2-v0.1
17367_1-17367-A-10_w002,ESC-50,17367,1-17367-A-10.wav,rain,RAIN,train,1,A,2,32000,64000,2.0,4.0,5.0,features/mfcc/train/RAIN/17367_1-17367-A-10_w002.npy,features/log_mel/train/RAIN/17367_1-17367-A-10_w002.npy,"[13, 197]","[64, 197]",16000,2.0,1.0,P3-v0.1,P2-v0.1
17367_1-17367-A-10_w003,ESC-50,17367,1-17367-A-10.wav,rain,RAIN,train,1,A,3,48000,80000,3.0,5.0,5.0,features/mfcc/train/RAIN/17367_1-17367-A-10_w003.npy,features/log_mel/train/RAIN/17367_1-17367-A-10_w003.npy,"[13, 197]","[64, 197]",16000,2.0,1.0,P3-v0.1,P2-v0.1
21189_1-21189-A-10_w000,ESC-50,21189,1-21189-A-10.wav,rain,RAIN,train,1,A,0,0,32000,0.0,2.0,5.0,features/mfcc/train/RAIN/21189_1-21189-A-10_w000.npy,features/log_mel/train/RAIN/21189_1-21189-A-10_w000.npy,"[13, 197]","[64, 197]",16000,2.0,1.0,P3-v0.1,P2-v0.1
21189_1-21189-A-10_w001,ESC-50,21189,1-21189-A-10.wav,rain,RAIN,train,1,A,1,16000,48000,1.0,3.0,5.0,features/mfcc/train/RAIN/21189_1-21189-A-10_w001.npy,features/log_mel/train/RAIN/21189_1-21189-A-10_w001.npy,"[13, 197]","[64, 197]",16000,2.0,1.0,P3-v0.1,P2-v0.1
21189_1-21189-A-10_w002,ESC-50,21189,1-21189-A-10.wav,rain,RAIN,train,1,A,2,32000,64000,2.0,4.0,5.0,features/mfcc/train/RAIN/21189_1-21189-A-10_w002.npy,features/log_mel/train/RAIN/21189_1-21189-A-10_w002.npy,"[13, 197]","[64, 197]",16000,2.0,1.0,P3-v0.1,P2-v0.1
21189_1-21189-A-10_w003,ESC-50,21189,1-21189-A-10.wav,rain,RAIN,train,1,A,3,48000,80000,3.0,5.0,5.0,features/mfcc/train/RAIN/21189_1-21189-A-10_w003.npy,features/log_mel/train/RAIN/21189_1-21189-A-10_w003.npy,"[13, 197]","[64, 197]",16000,2.0,1.0,P3-v0.1,P2-v0.1
54958_1-54958-A-10_w000,ESC-50,54958,1-54958-A-10.wav,rain,RAIN,train,1,A,0,0,32000,0.0,2.0,5.0,features/mfcc/train/RAIN/54958_1-54958-A-10_w000.npy,features/log_mel/train/RAIN/54958_1-54958-A-10_w000.npy,"[13, 197]","[64, 197]",16000,2.0,1.0,P3-v0.1,P2-v0.1
54958_1-54958-A-10_w001,ESC-50,54958,1-54958-A-10.wav,rain,RAIN,train,1,A,1,16000,48000,1.0,3.0,5.0,features/mfcc/train/RAIN/54958_1-54958-A-10_w001.npy,features/log_mel/train/RAIN/54958_1-54958-A-10_w001.npy,"[13, 197]","[64, 197]",16000,2.0,1.0,P3-v0.1,P2-v0.1
54958_1-54958-A-10_w002,ESC-50,54958,1-54958-A-10.wav,rain,RAIN,train,1,A,2,32000,64000,2.0,4.0,5.0,features/mfcc/train/RAIN/54958_1-54958-A-10_w002.npy,features/log_mel/train/RAIN/54958_1-54958-A-10_w002.npy,"[13, 197]","[64, 197]",16000,2.0,1.0,P3-v0.1,P2-v0.1
54958_1-54958-A-10_w003,ESC-50,54958,1-54958-A-10.wav,rain,RAIN,train,1,A,3,48000,80000,3.0,5.0,5.0,features/mfcc/train/RAIN/54958_1-54958-A-10_w003.npy,features/log_mel/train/RAIN/54958_1-54958-A-10_w003.npy,"[13, 197]","[64, 197]",16000,2.0,1.0,P3-v0.1,P2-v0.1
56311_1-56311-A-10_w000,ESC-50,56311,1-56311-A-10.wav,rain,RAIN,train,1,A,0,0,32000,0.0,2.0,5.0,features/mfcc/train/RAIN/56311_1-56311-A-10_w000.npy,features/log_mel/train/RAIN/56311_1-56311-A-10_w000.npy,"[13, 197]","[64, 197]",16000,2.0,1.0,P3-v0.1,P2-v0.1
56311_1-56311-A-10_w001,ESC-50,56311,1-56311-A-10.wav,rain,RAIN,train,1,A,1,16000,48000,1.0,3.0,5.0,features/mfcc/train/RAIN/56311_1-56311-A-10_w001.npy,features/log_mel/train/RAIN/56311_1-56311-A-10_w001.npy,"[13, 197]","[64, 197]",16000,2.0,1.0,P3-v0.1,P2-v0.1
56311_1-56311-A-10_w002,ESC-50,56311,1-56311-A-10.wav,rain,RAIN,train,1,A,2,32000,64000,2.0,4.0,5.0,features/mfcc/train/RAIN/56311_1-56311-A-10_w002.npy,features/log_mel/train/RAIN/56311_1-56311-A-10_w002.npy,"[13, 197]","[64, 197]",16000,2.0,1.0,P3-v0.1,P2-v0.1
56311_1-56311-A-10_w003,ESC-50,56311,1-56311-A-10.wav,rain,RAIN,train,1,A,3,48000,80000,3.0,5.0,5.0,features/mfcc/train/RAIN/56311_1-56311-A-10_w003.npy,features/log_mel/train/RAIN/56311_1-56311-A-10_w003.npy,"[13, 197]","[64, 197]",16000,2.0,1.0,P3-v0.1,P2-v0.1
72970_2-72970-A-10_w000,ESC-50,72970,2-72970-A-10.wav,rain,RAIN,train,2,A,0,0,32000,0.0,2.0,5.0,features/mfcc/train/RAIN/72970_2-72970-A-10_w000.npy,features/log_mel/train/RAIN/72970_2-72970-A-10_w000.npy,"[13, 197]","[64, 197]",16000,2.0,1.0,P3-v0.1,P2-v0.1
72970_2-72970-A-10_w001,ESC-50,72970,2-72970-A-10.wav,rain,RAIN,train,2,A,1,16000,48000,1.0,3.0,5.0,features/mfcc/train/RAIN/72970_2-72970-A-10_w001.npy,features/log_mel/train/RAIN/72970_2-72970-A-10_w001.npy,"[13, 197]","[64, 197]",16000,2.0,1.0,P3-v0.1,P2-v0.1
72970_2-72970-A-10_w002,ESC-50,72970,2-72970-A-10.wav,rain,RAIN,train,2,A,2,32000,64000,2.0,4.0,5.0,features/mfcc/train/RAIN/72970_2-72970-A-10_w002.npy,features/log_mel/train/RAIN/72970_2-72970-A-10_w002.npy,"[13, 197]","[64, 197]",16000,2.0,1.0,P3-v0.1,P2-v0.1
72970_2-72970-A-10_w003,ESC-50,72970,2-72970-A-10.wav,rain,RAIN,train,2,A,3,48000,80000,3.0,5.0,5.0,features/mfcc/train/RAIN/72970_2-72970-A-10_w003.npy,features/log_mel/train/RAIN/72970_2-72970-A-10_w003.npy,"[13, 197]","[64, 197]",16000,2.0,1.0,P3-v0.1,P2-v0.1
73027_2-73027-A-10_w000,ESC-50,73027,2-73027-A-10.wav,rain,RAIN,train,2,A,0,0,32000,0.0,2.0,5.0,features/mfcc/train/RAIN/73027_2-73027-A-10_w000.npy,features/log_mel/train/RAIN/73027_2-73027-A-10_w000.npy,"[13, 197]","[64, 197]",16000,2.0,1.0,P3-v0.1,P2-v0.1
73027_2-73027-A-10_w001,ESC-50,73027,2-73027-A-10.wav,rain,RAIN,train,2,A,1,16000,48000,1.0,3.0,5.0,features/mfcc/train/RAIN/73027_2-73027-A-10_w001.npy,features/log_mel/train/RAIN/73027_2-73027-A-10_w001.npy,"[13, 197]","[64, 197]",16000,2.0,1.0,P3-v0.1,P2-v0.1
73027_2-73027-A-10_w002,ESC-50,73027,2-73027-A-10.wav,rain,RAIN,train,2,A,2,32000,64000,2.0,4.0,5.0,features/mfcc/train/RAIN/73027_2-73027-A-10_w002.npy,features/log_mel/train/RAIN/73027_2-73027-A-10_w002.npy,"[13, 197]","[64, 197]",16000,2.0,1.0,P3-v0.1,P2-v0.1
73027_2-73027-A-10_w003,ESC-50,73027,2-73027-A-10.wav,rain,RAIN,train,2,A,3,48000,80000,3.0,5.0,5.0,features/mfcc/train/RAIN/73027_2-73027-A-10_w003.npy,features/log_mel/train/RAIN/73027_2-73027-A-10_w003.npy,"[13, 197]","[64, 197]",16000,2.0,1.0,P3-v0.1,P2-v0.1
73260_2-73260-A-10_w000,ESC-50,73260,2-73260-A-10.wav,rain,RAIN,train,2,A,0,0,32000,0.0,2.0,5.0,features/mfcc/train/RAIN/73260_2-73260-A-10_w000.npy,features/log_mel/train/RAIN/73260_2-73260-A-10_w000.npy,"[13, 197]","[64, 197]",16000,2.0,1.0,P3-v0.1,P2-v0.1
73260_2-73260-A-10_w001,ESC-50,73260,2-73260-A-10.wav,rain,RAIN,train,2,A,1,16000,48000,1.0,3.0,5.0,features/mfcc/train/RAIN/73260_2-73260-A-10_w001.npy,features/log_mel/train/RAIN/73260_2-73260-A-10_w001.npy,"[13, 197]","[64, 197]",16000,2.0,1.0,P3-v0.1,P2-v0.1
73260_2-73260-A-10_w002,ESC-50,73260,2-73260-A-10.wav,rain,RAIN,train,2,A,2,32000,64000,2.0,4.0,5.0,features/mfcc/train/RAIN/73260_2-73260-A-10_w002.npy,features/log_mel/train/RAIN/73260_2-73260-A-10_w002.npy,"[13, 197]","[64, 197]",16000,2.0,1.0,P3-v0.1,P2-v0.1
73260_2-73260-A-10_w003,ESC-50,73260,2-73260-A-10.wav,rain,RAIN,train,2,A,3,48000,80000,3.0,5.0,5.0,features/mfcc/train/RAIN/73260_2-73260-A-10_w003.npy,features/log_mel/train/RAIN/73260_2-73260-A-10_w003.npy,"[13, 197]","[64, 197]",16000,2.0,1.0,P3-v0.1,P2-v0.1
82367_2-82367-A-10_w000,ESC-50,82367,2-82367-A-10.wav,rain,RAIN,train,2,A,0,0,32000,0.0,2.0,5.0,features/mfcc/train/RAIN/82367_2-82367-A-10_w000.npy,features/log_mel/train/RAIN/82367_2-82367-A-10_w000.npy,"[13, 197]","[64, 197]",16000,2.0,1.0,P3-v0.1,P2-v0.1
82367_2-82367-A-10_w001,ESC-50,82367,2-82367-A-10.wav,rain,RAIN,train,2,A,1,16000,48000,1.0,3.0,5.0,features/mfcc/train/RAIN/82367_2-82367-A-10_w001.npy,features/log_mel/train/RAIN/82367_2-82367-A-10_w001.npy,"[13, 197]","[64, 197]",16000,2.0,1.0,P3-v0.1,P2-v0.1
82367_2-82367-A-10_w002,ESC-50,82367,2-82367-A-10.wav,rain,RAIN,train,2,A,2,32000,64000,2.0,4.0,5.0,features/mfcc/train/RAIN/82367_2-82367-A-10_w002.npy,features/log_mel/train/RAIN/82367_2-82367-A-10_w002.npy,"[13, 197]","[64, 197]",16000,2.0,1.0,P3-v0.1,P2-v0.1
82367_2-82367-A-10_w003,ESC-50,82367,2-82367-A-10.wav,rain,RAIN,train,2,A,3,48000,80000,3.0,5.0,5.0,features/mfcc/train/RAIN/82367_2-82367-A-10_w003.npy,features/log_mel/train/RAIN/82367_2-82367-A-10_w003.npy,"[13, 197]","[64, 197]",16000,2.0,1.0,P3-v0.1,P2-v0.1
117625_2-117625-A-10_w000,ESC-50,117625,2-117625-A-10.wav,rain,RAIN,train,2,A,0,0,32000,0.0,2.0,5.0,features/mfcc/train/RAIN/117625_2-117625-A-10_w000.npy,features/log_mel/train/RAIN/117625_2-117625-A-10_w000.npy,"[13, 197]","[64, 197]",16000,2.0,1.0,P3-v0.1,P2-v0.1
117625_2-117625-A-10_w001,ESC-50,117625,2-117625-A-10.wav,rain,RAIN,train,2,A,1,16000,48000,1.0,3.0,5.0,features/mfcc/train/RAIN/117625_2-117625-A-10_w001.npy,features/log_mel/train/RAIN/117625_2-117625-A-10_w001.npy,"[13, 197]","[64, 197]",16000,2.0,1.0,P3-v0.1,P2-v0.1
117625_2-117625-A-10_w002,ESC-50,117625,2-117625-A-10.wav,rain,RAIN,train,2,A,2,32000,64000,2.0,4.0,5.0,features/mfcc/train/RAIN/117625_2-117625-A-10_w002.npy,features/log_mel/train/RAIN/117625_2-117625-A-10_w002.npy,"[13, 197]","[64, 197]",16000,2.0,1.0,P3-v0.1,P2-v0.1
117625_2-117625-A-10_w003,ESC-50,117625,2-117625-A-10.wav,rain,RAIN,train,2,A,3,48000,80000,3.0,5.0,5.0,features/mfcc/train/RAIN/117625_2-117625-A-10_w003.npy,features/log_mel/train/RAIN/117625_2-117625-A-10_w003.npy,"[13, 197]","[64, 197]",16000,2.0,1.0,P3-v0.1,P2-v0.1
132852_3-132852-A-10_w000,ESC-50,132852,3-132852-A-10.wav,rain,RAIN,train,3,A,0,0,32000,0.0,2.0,5.0,features/mfcc/train/RAIN/132852_3-132852-A-10_w000.npy,features/log_mel/train/RAIN/132852_3-132852-A-10_w000.npy,"[13, 197]","[64, 197]",16000,2.0,1.0,P3-v0.1,P2-v0.1
132852_3-132852-A-10_w001,ESC-50,132852,3-132852-A-10.wav,rain,RAIN,train,3,A,1,16000,48000,1.0,3.0,5.0,features/mfcc/train/RAIN/132852_3-132852-A-10_w001.npy,features/log_mel/train/RAIN/132852_3-132852-A-10_w001.npy,"[13, 197]","[64, 197]",16000,2.0,1.0,P3-v0.1,P2-v0.1
132852_3-132852-A-10_w002,ESC-50,132852,3-132852-A-10.wav,rain,RAIN,train,3,A,2,32000,64000,2.0,4.0,5.0,features/mfcc/train/RAIN/132852_3-132852-A-10_w002.npy,features/log_mel/train/RAIN/132852_3-132852-A-10_w002.npy,"[13, 197]","[64, 197]",16000,2.0,1.0,P3-v0.1,P2-v0.1
132852_3-132852-A-10_w003,ESC-50,132852,3-132852-A-10.wav,rain,RAIN,train,3,A,3,48000,80000,3.0,5.0,5.0,features/mfcc/train/RAIN/132852_3-132852-A-10_w003.npy,features/log_mel/train/RAIN/132852_3-132852-A-10_w003.npy,"[13, 197]","[64, 197]",16000,2.0,1.0,P3-v0.1,P2-v0.1
140774_3-140774-A-10_w000,ESC-50,140774,3-140774-A-10.wav,rain,RAIN,train,3,A,0,0,32000,0.0,2.0,5.0,features/mfcc/train/RAIN/140774_3-140774-A-10_w000.npy,features/log_mel/train/RAIN/140774_3-140774-A-10_w000.npy,"[13, 197]","[64, 197]",16000,2.0,1.0,P3-v0.1,P2-v0.1
140774_3-140774-A-10_w001,ESC-50,140774,3-140774-A-10.wav,rain,RAIN,train,3,A,1,16000,48000,1.0,3.0,5.0,features/mfcc/train/RAIN/140774_3-140774-A-10_w001.npy,features/log_mel/train/RAIN/140774_3-140774-A-10_w001.npy,"[13, 197]","[64, 197]",16000,2.0,1.0,P3-v0.1,P2-v0.1
140774_3-140774-A-10_w002,ESC-50,140774,3-140774-A-10.wav,rain,RAIN,train,3,A,2,32000,64000,2.0,4.0,5.0,features/mfcc/train/RAIN/140774_3-140774-A-10_w002.npy,features/log_mel/train/RAIN/140774_3-140774-A-10_w002.npy,"[13, 197]","[64, 197]",16000,2.0,1.0,P3-v0.1,P2-v0.1
140774_3-140774-A-10_w003,ESC-50,140774,3-140774-A-10.wav,rain,RAIN,train,3,A,3,48000,80000,3.0,5.0,5.0,features/mfcc/train/RAIN/140774_3-140774-A-10_w003.npy,features/log_mel/train/RAIN/140774_3-140774-A-10_w003.npy,"[13, 197]","[64, 197]",16000,2.0,1.0,P3-v0.1,P2-v0.1
142005_3-142005-A-10_w000,ESC-50,142005,3-142005-A-10.wav,rain,RAIN,train,3,A,0,0,32000,0.0,2.0,5.0,features/mfcc/train/RAIN/142005_3-142005-A-10_w000.npy,features/log_mel/train/RAIN/142005_3-142005-A-10_w000.npy,"[13, 197]","[64, 197]",16000,2.0,1.0,P3-v0.1,P2-v0.1
142005_3-142005-A-10_w001,ESC-50,142005,3-142005-A-10.wav,rain,RAIN,train,3,A,1,16000,48000,1.0,3.0,5.0,features/mfcc/train/RAIN/142005_3-142005-A-10_w001.npy,features/log_mel/train/RAIN/142005_3-142005-A-10_w001.npy,"[13, 197]","[64, 197]",16000,2.0,1.0,P3-v0.1,P2-v0.1
142005_3-142005-A-10_w002,ESC-50,142005,3-142005-A-10.wav,rain,RAIN,train,3,A,2,32000,64000,2.0,4.0,5.0,features/mfcc/train/RAIN/142005_3-142005-A-10_w002.npy,features/log_mel/train/RAIN/142005_3-142005-A-10_w002.npy,"[13, 197]","[64, 197]",16000,2.0,1.0,P3-v0.1,P2-v0.1
142005_3-142005-A-10_w003,ESC-50,142005,3-142005-A-10.wav,rain,RAIN,train,3,A,3,48000,80000,3.0,5.0,5.0,features/mfcc/train/RAIN/142005_3-142005-A-10_w003.npy,features/log_mel/train/RAIN/142005_3-142005-A-10_w003.npy,"[13, 197]","[64, 197]",16000,2.0,1.0,P3-v0.1,P2-v0.1
142006_3-142006-A-10_w000,ESC-50,142006,3-142006-A-10.wav,rain,RAIN,train,3,A,0,0,32000,0.0,2.0,5.0,features/mfcc/train/RAIN/142006_3-142006-A-10_w000.npy,features/log_mel/train/RAIN/142006_3-142006-A-10_w000.npy,"[13, 197]","[64, 197]",16000,2.0,1.0,P3-v0.1,P2-v0.1
142006_3-142006-A-10_w001,ESC-50,142006,3-142006-A-10.wav,rain,RAIN,train,3,A,1,16000,48000,1.0,3.0,5.0,features/mfcc/train/RAIN/142006_3-142006-A-10_w001.npy,features/log_mel/train/RAIN/142006_3-142006-A-10_w001.npy,"[13, 197]","[64, 197]",16000,2.0,1.0,P3-v0.1,P2-v0.1
142006_3-142006-A-10_w002,ESC-50,142006,3-142006-A-10.wav,rain,RAIN,train,3,A,2,32000,64000,2.0,4.0,5.0,features/mfcc/train/RAIN/142006_3-142006-A-10_w002.npy,features/log_mel/train/RAIN/142006_3-142006-A-10_w002.npy,"[13, 197]","[64, 197]",16000,2.0,1.0,P3-v0.1,P2-v0.1
142006_3-142006-A-10_w003,ESC-50,142006,3-142006-A-10.wav,rain,RAIN,train,3,A,3,48000,80000,3.0,5.0,5.0,features/mfcc/train/RAIN/142006_3-142006-A-10_w003.npy,features/log_mel/train/RAIN/142006_3-142006-A-10_w003.npy,"[13, 197]","[64, 197]",16000,2.0,1.0,P3-v0.1,P2-v0.1
157149_3-157149-A-10_w000,ESC-50,157149,3-157149-A-10.wav,rain,RAIN,train,3,A,0,0,32000,0.0,2.0,5.0,features/mfcc/train/RAIN/157149_3-157149-A-10_w000.npy,features/log_mel/train/RAIN/157149_3-157149-A-10_w000.npy,"[13, 197]","[64, 197]",16000,2.0,1.0,P3-v0.1,P2-v0.1
157149_3-157149-A-10_w001,ESC-50,157149,3-157149-A-10.wav,rain,RAIN,train,3,A,1,16000,48000,1.0,3.0,5.0,features/mfcc/train/RAIN/157149_3-157149-A-10_w001.npy,features/log_mel/train/RAIN/157149_3-157149-A-10_w001.npy,"[13, 197]","[64, 197]",16000,2.0,1.0,P3-v0.1,P2-v0.1
157149_3-157149-A-10_w002,ESC-50,157149,3-157149-A-10.wav,rain,RAIN,train,3,A,2,32000,64000,2.0,4.0,5.0,features/mfcc/train/RAIN/157149_3-157149-A-10_w002.npy,features/log_mel/train/RAIN/157149_3-157149-A-10_w002.npy,"[13, 197]","[64, 197]",16000,2.0,1.0,P3-v0.1,P2-v0.1
157149_3-157149-A-10_w003,ESC-50,157149,3-157149-A-10.wav,rain,RAIN,train,3,A,3,48000,80000,3.0,5.0,5.0,features/mfcc/train/RAIN/157149_3-157149-A-10_w003.npy,features/log_mel/train/RAIN/157149_3-157149-A-10_w003.npy,"[13, 197]","[64, 197]",16000,2.0,1.0,P3-v0.1,P2-v0.1
157487_3-157487-A-10_w000,ESC-50,157487,3-157487-A-10.wav,rain,RAIN,train,3,A,0,0,32000,0.0,2.0,5.0,features/mfcc/train/RAIN/157487_3-157487-A-10_w000.npy,features/log_mel/train/RAIN/157487_3-157487-A-10_w000.npy,"[13, 197]","[64, 197]",16000,2.0,1.0,P3-v0.1,P2-v0.1
157487_3-157487-A-10_w001,ESC-50,157487,3-157487-A-10.wav,rain,RAIN,train,3,A,1,16000,48000,1.0,3.0,5.0,features/mfcc/train/RAIN/157487_3-157487-A-10_w001.npy,features/log_mel/train/RAIN/157487_3-157487-A-10_w001.npy,"[13, 197]","[64, 197]",16000,2.0,1.0,P3-v0.1,P2-v0.1
157487_3-157487-A-10_w002,ESC-50,157487,3-157487-A-10.wav,rain,RAIN,train,3,A,2,32000,64000,2.0,4.0,5.0,features/mfcc/train/RAIN/157487_3-157487-A-10_w002.npy,features/log_mel/train/RAIN/157487_3-157487-A-10_w002.npy,"[13, 197]","[64, 197]",16000,2.0,1.0,P3-v0.1,P2-v0.1
157487_3-157487-A-10_w003,ESC-50,157487,3-157487-A-10.wav,rain,RAIN,train,3,A,3,48000,80000,3.0,5.0,5.0,features/mfcc/train/RAIN/157487_3-157487-A-10_w003.npy,features/log_mel/train/RAIN/157487_3-157487-A-10_w003.npy,"[13, 197]","[64, 197]",16000,2.0,1.0,P3-v0.1,P2-v0.1
157615_3-157615-A-10_w000,ESC-50,157615,3-157615-A-10.wav,rain,RAIN,train,3,A,0,0,32000,0.0,2.0,5.0,features/mfcc/train/RAIN/157615_3-157615-A-10_w000.npy,features/log_mel/train/RAIN/157615_3-157615-A-10_w000.npy,"[13, 197]","[64, 197]",16000,2.0,1.0,P3-v0.1,P2-v0.1
157615_3-157615-A-10_w001,ESC-50,157615,3-157615-A-10.wav,rain,RAIN,train,3,A,1,16000,48000,1.0,3.0,5.0,features/mfcc/train/RAIN/157615_3-157615-A-10_w001.npy,features/log_mel/train/RAIN/157615_3-157615-A-10_w001.npy,"[13, 197]","[64, 197]",16000,2.0,1.0,P3-v0.1,P2-v0.1
157615_3-157615-A-10_w002,ESC-50,157615,3-157615-A-10.wav,rain,RAIN,train,3,A,2,32000,64000,2.0,4.0,5.0,features/mfcc/train/RAIN/157615_3-157615-A-10_w002.npy,features/log_mel/train/RAIN/157615_3-157615-A-10_w002.npy,"[13, 197]","[64, 197]",16000,2.0,1.0,P3-v0.1,P2-v0.1
157615_3-157615-A-10_w003,ESC-50,157615,3-157615-A-10.wav,rain,RAIN,train,3,A,3,48000,80000,3.0,5.0,5.0,features/mfcc/train/RAIN/157615_3-157615-A-10_w003.npy,features/log_mel/train/RAIN/157615_3-157615-A-10_w003.npy,"[13, 197]","[64, 197]",16000,2.0,1.0,P3-v0.1,P2-v0.1
160999_4-160999-A-10_w000,ESC-50,160999,4-160999-A-10.wav,rain,RAIN,train,4,A,0,0,32000,0.0,2.0,5.0,features/mfcc/train/RAIN/160999_4-160999-A-10_w000.npy,features/log_mel/train/RAIN/160999_4-160999-A-10_w000.npy,"[13, 197]","[64, 197]",16000,2.0,1.0,P3-v0.1,P2-v0.1
160999_4-160999-A-10_w001,ESC-50,160999,4-160999-A-10.wav,rain,RAIN,train,4,A,1,16000,48000,1.0,3.0,5.0,features/mfcc/train/RAIN/160999_4-160999-A-10_w001.npy,features/log_mel/train/RAIN/160999_4-160999-A-10_w001.npy,"[13, 197]","[64, 197]",16000,2.0,1.0,P3-v0.1,P2-v0.1
160999_4-160999-A-10_w002,ESC-50,160999,4-160999-A-10.wav,rain,RAIN,train,4,A,2,32000,64000,2.0,4.0,5.0,features/mfcc/train/RAIN/160999_4-160999-A-10_w002.npy,features/log_mel/train/RAIN/160999_4-160999-A-10_w002.npy,"[13, 197]","[64, 197]",16000,2.0,1.0,P3-v0.1,P2-v0.1
160999_4-160999-A-10_w003,ESC-50,160999,4-160999-A-10.wav,rain,RAIN,train,4,A,3,48000,80000,3.0,5.0,5.0,features/mfcc/train/RAIN/160999_4-160999-A-10_w003.npy,features/log_mel/train/RAIN/160999_4-160999-A-10_w003.npy,"[13, 197]","[64, 197]",16000,2.0,1.0,P3-v0.1,P2-v0.1
161127_4-161127-A-10_w000,ESC-50,161127,4-161127-A-10.wav,rain,RAIN,train,4,A,0,0,32000,0.0,2.0,5.0,features/mfcc/train/RAIN/161127_4-161127-A-10_w000.npy,features/log_mel/train/RAIN/161127_4-161127-A-10_w000.npy,"[13, 197]","[64, 197]",16000,2.0,1.0,P3-v0.1,P2-v0.1
161127_4-161127-A-10_w001,ESC-50,161127,4-161127-A-10.wav,rain,RAIN,train,4,A,1,16000,48000,1.0,3.0,5.0,features/mfcc/train/RAIN/161127_4-161127-A-10_w001.npy,features/log_mel/train/RAIN/161127_4-161127-A-10_w001.npy,"[13, 197]","[64, 197]",16000,2.0,1.0,P3-v0.1,P2-v0.1
161127_4-161127-A-10_w002,ESC-50,161127,4-161127-A-10.wav,rain,RAIN,train,4,A,2,32000,64000,2.0,4.0,5.0,features/mfcc/train/RAIN/161127_4-161127-A-10_w002.npy,features/log_mel/train/RAIN/161127_4-161127-A-10_w002.npy,"[13, 197]","[64, 197]",16000,2.0,1.0,P3-v0.1,P2-v0.1
161127_4-161127-A-10_w003,ESC-50,161127,4-161127-A-10.wav,rain,RAIN,train,4,A,3,48000,80000,3.0,5.0,5.0,features/mfcc/train/RAIN/161127_4-161127-A-10_w003.npy,features/log_mel/train/RAIN/161127_4-161127-A-10_w003.npy,"[13, 197]","[64, 197]",16000,2.0,1.0,P3-v0.1,P2-v0.1
163264_4-163264-A-10_w000,ESC-50,163264,4-163264-A-10.wav,rain,RAIN,train,4,A,0,0,32000,0.0,2.0,5.0,features/mfcc/train/RAIN/163264_4-163264-A-10_w000.npy,features/log_mel/train/RAIN/163264_4-163264-A-10_w000.npy,"[13, 197]","[64, 197]",16000,2.0,1.0,P3-v0.1,P2-v0.1
163264_4-163264-A-10_w001,ESC-50,163264,4-163264-A-10.wav,rain,RAIN,train,4,A,1,16000,48000,1.0,3.0,5.0,features/mfcc/train/RAIN/163264_4-163264-A-10_w001.npy,features/log_mel/train/RAIN/163264_4-163264-A-10_w001.npy,"[13, 197]","[64, 197]",16000,2.0,1.0,P3-v0.1,P2-v0.1
163264_4-163264-A-10_w002,ESC-50,163264,4-163264-A-10.wav,rain,RAIN,train,4,A,2,32000,64000,2.0,4.0,5.0,features/mfcc/train/RAIN/163264_4-163264-A-10_w002.npy,features/log_mel/train/RAIN/163264_4-163264-A-10_w002.npy,"[13, 197]","[64, 197]",16000,2.0,1.0,P3-v0.1,P2-v0.1
163264_4-163264-A-10_w003,ESC-50,163264,4-163264-A-10.wav,rain,RAIN,train,4,A,3,48000,80000,3.0,5.0,5.0,features/mfcc/train/RAIN/163264_4-163264-A-10_w003.npy,features/log_mel/train/RAIN/163264_4-163264-A-10_w003.npy,"[13, 197]","[64, 197]",16000,2.0,1.0,P3-v0.1,P2-v0.1
166661_4-166661-A-10_w000,ESC-50,166661,4-166661-A-10.wav,rain,RAIN,train,4,A,0,0,32000,0.0,2.0,5.0,features/mfcc/train/RAIN/166661_4-166661-A-10_w000.npy,features/log_mel/train/RAIN/166661_4-166661-A-10_w000.npy,"[13, 197]","[64, 197]",16000,2.0,1.0,P3-v0.1,P2-v0.1
166661_4-166661-A-10_w001,ESC-50,166661,4-166661-A-10.wav,rain,RAIN,train,4,A,1,16000,48000,1.0,3.0,5.0,features/mfcc/train/RAIN/166661_4-166661-A-10_w001.npy,features/log_mel/train/RAIN/166661_4-166661-A-10_w001.npy,"[13, 197]","[64, 197]",16000,2.0,1.0,P3-v0.1,P2-v0.1
166661_4-166661-A-10_w002,ESC-50,166661,4-166661-A-10.wav,rain,RAIN,train,4,A,2,32000,64000,2.0,4.0,5.0,features/mfcc/train/RAIN/166661_4-166661-A-10_w002.npy,features/log_mel/train/RAIN/166661_4-166661-A-10_w002.npy,"[13, 197]","[64, 197]",16000,2.0,1.0,P3-v0.1,P2-v0.1
166661_4-166661-A-10_w003,ESC-50,166661,4-166661-A-10.wav,rain,RAIN,train,4,A,3,48000,80000,3.0,5.0,5.0,features/mfcc/train/RAIN/166661_4-166661-A-10_w003.npy,features/log_mel/train/RAIN/166661_4-166661-A-10_w003.npy,"[13, 197]","[64, 197]",16000,2.0,1.0,P3-v0.1,P2-v0.1
177250_4-177250-A-10_w000,ESC-50,177250,4-177250-A-10.wav,rain,RAIN,train,4,A,0,0,32000,0.0,2.0,5.0,features/mfcc/train/RAIN/177250_4-177250-A-10_w000.npy,features/log_mel/train/RAIN/177250_4-177250-A-10_w000.npy,"[13, 197]","[64, 197]",16000,2.0,1.0,P3-v0.1,P2-v0.1
177250_4-177250-A-10_w001,ESC-50,177250,4-177250-A-10.wav,rain,RAIN,train,4,A,1,16000,48000,1.0,3.0,5.0,features/mfcc/train/RAIN/177250_4-177250-A-10_w001.npy,features/log_mel/train/RAIN/177250_4-177250-A-10_w001.npy,"[13, 197]","[64, 197]",16000,2.0,1.0,P3-v0.1,P2-v0.1
177250_4-177250-A-10_w002,ESC-50,177250,4-177250-A-10.wav,rain,RAIN,train,4,A,2,32000,64000,2.0,4.0,5.0,features/mfcc/train/RAIN/177250_4-177250-A-10_w002.npy,features/log_mel/train/RAIN/177250_4-177250-A-10_w002.npy,"[13, 197]","[64, 197]",16000,2.0,1.0,P3-v0.1,P2-v0.1
177250_4-177250-A-10_w003,ESC-50,177250,4-177250-A-10.wav,rain,RAIN,train,4,A,3,48000,80000,3.0,5.0,5.0,features/mfcc/train/RAIN/177250_4-177250-A-10_w003.npy,features/log_mel/train/RAIN/177250_4-177250-A-10_w003.npy,"[13, 197]","[64, 197]",16000,2.0,1.0,P3-v0.1,P2-v0.1
180380_4-180380-A-10_w000,ESC-50,180380,4-180380-A-10.wav,rain,RAIN,train,4,A,0,0,32000,0.0,2.0,5.0,features/mfcc/train/RAIN/180380_4-180380-A-10_w000.npy,features/log_mel/train/RAIN/180380_4-180380-A-10_w000.npy,"[13, 197]","[64, 197]",16000,2.0,1.0,P3-v0.1,P2-v0.1
180380_4-180380-A-10_w001,ESC-50,180380,4-180380-A-10.wav,rain,RAIN,train,4,A,1,16000,48000,1.0,3.0,5.0,features/mfcc/train/RAIN/180380_4-180380-A-10_w001.npy,features/log_mel/train/RAIN/180380_4-180380-A-10_w001.npy,"[13, 197]","[64, 197]",16000,2.0,1.0,P3-v0.1,P2-v0.1
180380_4-180380-A-10_w002,ESC-50,180380,4-180380-A-10.wav,rain,RAIN,train,4,A,2,32000,64000,2.0,4.0,5.0,features/mfcc/train/RAIN/180380_4-180380-A-10_w002.npy,features/log_mel/train/RAIN/180380_4-180380-A-10_w002.npy,"[13, 197]","[64, 197]",16000,2.0,1.0,P3-v0.1,P2-v0.1
180380_4-180380-A-10_w003,ESC-50,180380,4-180380-A-10.wav,rain,RAIN,train,4,A,3,48000,80000,3.0,5.0,5.0,features/mfcc/train/RAIN/180380_4-180380-A-10_w003.npy,features/log_mel/train/RAIN/180380_4-180380-A-10_w003.npy,"[13, 197]","[64, 197]",16000,2.0,1.0,P3-v0.1,P2-v0.1
181766_5-181766-A-10_w000,ESC-50,181766,5-181766-A-10.wav,rain,RAIN,train,5,A,0,0,32000,0.0,2.0,5.0,features/mfcc/train/RAIN/181766_5-181766-A-10_w000.npy,features/log_mel/train/RAIN/181766_5-181766-A-10_w000.npy,"[13, 197]","[64, 197]",16000,2.0,1.0,P3-v0.1,P2-v0.1
181766_5-181766-A-10_w001,ESC-50,181766,5-181766-A-10.wav,rain,RAIN,train,5,A,1,16000,48000,1.0,3.0,5.0,features/mfcc/train/RAIN/181766_5-181766-A-10_w001.npy,features/log_mel/train/RAIN/181766_5-181766-A-10_w001.npy,"[13, 197]","[64, 197]",16000,2.0,1.0,P3-v0.1,P2-v0.1
181766_5-181766-A-10_w002,ESC-50,181766,5-181766-A-10.wav,rain,RAIN,train,5,A,2,32000,64000,2.0,4.0,5.0,features/mfcc/train/RAIN/181766_5-181766-A-10_w002.npy,features/log_mel/train/RAIN/181766_5-181766-A-10_w002.npy,"[13, 197]","[64, 197]",16000,2.0,1.0,P3-v0.1,P2-v0.1
181766_5-181766-A-10_w003,ESC-50,181766,5-181766-A-10.wav,rain,RAIN,train,5,A,3,48000,80000,3.0,5.0,5.0,features/mfcc/train/RAIN/181766_5-181766-A-10_w003.npy,features/log_mel/train/RAIN/181766_5-181766-A-10_w003.npy,"[13, 197]","[64, 197]",16000,2.0,1.0,P3-v0.1,P2-v0.1
188655_5-188655-A-10_w000,ESC-50,188655,5-188655-A-10.wav,rain,RAIN,train,5,A,0,0,32000,0.0,2.0,5.0,features/mfcc/train/RAIN/188655_5-188655-A-10_w000.npy,features/log_mel/train/RAIN/188655_5-188655-A-10_w000.npy,"[13, 197]","[64, 197]",16000,2.0,1.0,P3-v0.1,P2-v0.1
188655_5-188655-A-10_w001,ESC-50,188655,5-188655-A-10.wav,rain,RAIN,train,5,A,1,16000,48000,1.0,3.0,5.0,features/mfcc/train/RAIN/188655_5-188655-A-10_w001.npy,features/log_mel/train/RAIN/188655_5-188655-A-10_w001.npy,"[13, 197]","[64, 197]",16000,2.0,1.0,P3-v0.1,P2-v0.1
188655_5-188655-A-10_w002,ESC-50,188655,5-188655-A-10.wav,rain,RAIN,train,5,A,2,32000,64000,2.0,4.0,5.0,features/mfcc/train/RAIN/188655_5-188655-A-10_w002.npy,features/log_mel/train/RAIN/188655_5-188655-A-10_w002.npy,"[13, 197]","[64, 197]",16000,2.0,1.0,P3-v0.1,P2-v0.1
188655_5-188655-A-10_w003,ESC-50,188655,5-188655-A-10.wav,rain,RAIN,train,5,A,3,48000,80000,3.0,5.0,5.0,features/mfcc/train/RAIN/188655_5-188655-A-10_w003.npy,features/log_mel/train/RAIN/188655_5-188655-A-10_w003.npy,"[13, 197]","[64, 197]",16000,2.0,1.0,P3-v0.1,P2-v0.1
193339_5-193339-A-10_w000,ESC-50,193339,5-193339-A-10.wav,rain,RAIN,train,5,A,0,0,32000,0.0,2.0,5.0,features/mfcc/train/RAIN/193339_5-193339-A-10_w000.npy,features/log_mel/train/RAIN/193339_5-193339-A-10_w000.npy,"[13, 197]","[64, 197]",16000,2.0,1.0,P3-v0.1,P2-v0.1
193339_5-193339-A-10_w001,ESC-50,193339,5-193339-A-10.wav,rain,RAIN,train,5,A,1,16000,48000,1.0,3.0,5.0,features/mfcc/train/RAIN/193339_5-193339-A-10_w001.npy,features/log_mel/train/RAIN/193339_5-193339-A-10_w001.npy,"[13, 197]","[64, 197]",16000,2.0,1.0,P3-v0.1,P2-v0.1
193339_5-193339-A-10_w002,ESC-50,193339,5-193339-A-10.wav,rain,RAIN,train,5,A,2,32000,64000,2.0,4.0,5.0,features/mfcc/train/RAIN/193339_5-193339-A-10_w002.npy,features/log_mel/train/RAIN/193339_5-193339-A-10_w002.npy,"[13, 197]","[64, 197]",16000,2.0,1.0,P3-v0.1,P2-v0.1
193339_5-193339-A-10_w003,ESC-50,193339,5-193339-A-10.wav,rain,RAIN,train,5,A,3,48000,80000,3.0,5.0,5.0,features/mfcc/train/RAIN/193339_5-193339-A-10_w003.npy,features/log_mel/train/RAIN/193339_5-193339-A-10_w003.npy,"[13, 197]","[64, 197]",16000,2.0,1.0,P3-v0.1,P2-v0.1
195710_5-195710-A-10_w000,ESC-50,195710,5-195710-A-10.wav,rain,RAIN,train,5,A,0,0,32000,0.0,2.0,5.0,features/mfcc/train/RAIN/195710_5-195710-A-10_w000.npy,features/log_mel/train/RAIN/195710_5-195710-A-10_w000.npy,"[13, 197]","[64, 197]",16000,2.0,1.0,P3-v0.1,P2-v0.1
195710_5-195710-A-10_w001,ESC-50,195710,5-195710-A-10.wav,rain,RAIN,train,5,A,1,16000,48000,1.0,3.0,5.0,features/mfcc/train/RAIN/195710_5-195710-A-10_w001.npy,features/log_mel/train/RAIN/195710_5-195710-A-10_w001.npy,"[13, 197]","[64, 197]",16000,2.0,1.0,P3-v0.1,P2-v0.1
195710_5-195710-A-10_w002,ESC-50,195710,5-195710-A-10.wav,rain,RAIN,train,5,A,2,32000,64000,2.0,4.0,5.0,features/mfcc/train/RAIN/195710_5-195710-A-10_w002.npy,features/log_mel/train/RAIN/195710_5-195710-A-10_w002.npy,"[13, 197]","[64, 197]",16000,2.0,1.0,P3-v0.1,P2-v0.1
195710_5-195710-A-10_w003,ESC-50,195710,5-195710-A-10.wav,rain,RAIN,train,5,A,3,48000,80000,3.0,5.0,5.0,features/mfcc/train/RAIN/195710_5-195710-A-10_w003.npy,features/log_mel/train/RAIN/195710_5-195710-A-10_w003.npy,"[13, 197]","[64, 197]",16000,2.0,1.0,P3-v0.1,P2-v0.1
198321_5-198321-A-10_w000,ESC-50,198321,5-198321-A-10.wav,rain,RAIN,train,5,A,0,0,32000,0.0,2.0,5.0,features/mfcc/train/RAIN/198321_5-198321-A-10_w000.npy,features/log_mel/train/RAIN/198321_5-198321-A-10_w000.npy,"[13, 197]","[64, 197]",16000,2.0,1.0,P3-v0.1,P2-v0.1
198321_5-198321-A-10_w001,ESC-50,198321,5-198321-A-10.wav,rain,RAIN,train,5,A,1,16000,48000,1.0,3.0,5.0,features/mfcc/train/RAIN/198321_5-198321-A-10_w001.npy,features/log_mel/train/RAIN/198321_5-198321-A-10_w001.npy,"[13, 197]","[64, 197]",16000,2.0,1.0,P3-v0.1,P2-v0.1
198321_5-198321-A-10_w002,ESC-50,198321,5-198321-A-10.wav,rain,RAIN,train,5,A,2,32000,64000,2.0,4.0,5.0,features/mfcc/train/RAIN/198321_5-198321-A-10_w002.npy,features/log_mel/train/RAIN/198321_5-198321-A-10_w002.npy,"[13, 197]","[64, 197]",16000,2.0,1.0,P3-v0.1,P2-v0.1
198321_5-198321-A-10_w003,ESC-50,198321,5-198321-A-10.wav,rain,RAIN,train,5,A,3,48000,80000,3.0,5.0,5.0,features/mfcc/train/RAIN/198321_5-198321-A-10_w003.npy,features/log_mel/train/RAIN/198321_5-198321-A-10_w003.npy,"[13, 197]","[64, 197]",16000,2.0,1.0,P3-v0.1,P2-v0.1
203739_5-203739-A-10_w000,ESC-50,203739,5-203739-A-10.wav,rain,RAIN,train,5,A,0,0,32000,0.0,2.0,5.0,features/mfcc/train/RAIN/203739_5-203739-A-10_w000.npy,features/log_mel/train/RAIN/203739_5-203739-A-10_w000.npy,"[13, 197]","[64, 197]",16000,2.0,1.0,P3-v0.1,P2-v0.1
203739_5-203739-A-10_w001,ESC-50,203739,5-203739-A-10.wav,rain,RAIN,train,5,A,1,16000,48000,1.0,3.0,5.0,features/mfcc/train/RAIN/203739_5-203739-A-10_w001.npy,features/log_mel/train/RAIN/203739_5-203739-A-10_w001.npy,"[13, 197]","[64, 197]",16000,2.0,1.0,P3-v0.1,P2-v0.1
203739_5-203739-A-10_w002,ESC-50,203739,5-203739-A-10.wav,rain,RAIN,train,5,A,2,32000,64000,2.0,4.0,5.0,features/mfcc/train/RAIN/203739_5-203739-A-10_w002.npy,features/log_mel/train/RAIN/203739_5-203739-A-10_w002.npy,"[13, 197]","[64, 197]",16000,2.0,1.0,P3-v0.1,P2-v0.1
203739_5-203739-A-10_w003,ESC-50,203739,5-203739-A-10.wav,rain,RAIN,train,5,A,3,48000,80000,3.0,5.0,5.0,features/mfcc/train/RAIN/203739_5-203739-A-10_w003.npy,features/log_mel/train/RAIN/203739_5-203739-A-10_w003.npy,"[13, 197]","[64, 197]",16000,2.0,1.0,P3-v0.1,P2-v0.1
31482_1-31482-A-42_w000,ESC-50,31482,1-31482-A-42.wav,siren,SIREN,train,1,A,0,0,32000,0.0,2.0,5.0,features/mfcc/train/SIREN/31482_1-31482-A-42_w000.npy,features/log_mel/train/SIREN/31482_1-31482-A-42_w000.npy,"[13, 197]","[64, 197]",16000,2.0,1.0,P3-v0.1,P2-v0.1
31482_1-31482-A-42_w001,ESC-50,31482,1-31482-A-42.wav,siren,SIREN,train,1,A,1,16000,48000,1.0,3.0,5.0,features/mfcc/train/SIREN/31482_1-31482-A-42_w001.npy,features/log_mel/train/SIREN/31482_1-31482-A-42_w001.npy,"[13, 197]","[64, 197]",16000,2.0,1.0,P3-v0.1,P2-v0.1
31482_1-31482-A-42_w002,ESC-50,31482,1-31482-A-42.wav,siren,SIREN,train,1,A,2,32000,64000,2.0,4.0,5.0,features/mfcc/train/SIREN/31482_1-31482-A-42_w002.npy,features/log_mel/train/SIREN/31482_1-31482-A-42_w002.npy,"[13, 197]","[64, 197]",16000,2.0,1.0,P3-v0.1,P2-v0.1
31482_1-31482-A-42_w003,ESC-50,31482,1-31482-A-42.wav,siren,SIREN,train,1,A,3,48000,80000,3.0,5.0,5.0,features/mfcc/train/SIREN/31482_1-31482-A-42_w003.npy,features/log_mel/train/SIREN/31482_1-31482-A-42_w003.npy,"[13, 197]","[64, 197]",16000,2.0,1.0,P3-v0.1,P2-v0.1
31482_1-31482-B-42_w000,ESC-50,31482,1-31482-B-42.wav,siren,SIREN,train,1,B,0,0,32000,0.0,2.0,5.0,features/mfcc/train/SIREN/31482_1-31482-B-42_w000.npy,features/log_mel/train/SIREN/31482_1-31482-B-42_w000.npy,"[13, 197]","[64, 197]",16000,2.0,1.0,P3-v0.1,P2-v0.1
31482_1-31482-B-42_w001,ESC-50,31482,1-31482-B-42.wav,siren,SIREN,train,1,B,1,16000,48000,1.0,3.0,5.0,features/mfcc/train/SIREN/31482_1-31482-B-42_w001.npy,features/log_mel/train/SIREN/31482_1-31482-B-42_w001.npy,"[13, 197]","[64, 197]",16000,2.0,1.0,P3-v0.1,P2-v0.1
31482_1-31482-B-42_w002,ESC-50,31482,1-31482-B-42.wav,siren,SIREN,train,1,B,2,32000,64000,2.0,4.0,5.0,features/mfcc/train/SIREN/31482_1-31482-B-42_w002.npy,features/log_mel/train/SIREN/31482_1-31482-B-42_w002.npy,"[13, 197]","[64, 197]",16000,2.0,1.0,P3-v0.1,P2-v0.1
31482_1-31482-B-42_w003,ESC-50,31482,1-31482-B-42.wav,siren,SIREN,train,1,B,3,48000,80000,3.0,5.0,5.0,features/mfcc/train/SIREN/31482_1-31482-B-42_w003.npy,features/log_mel/train/SIREN/31482_1-31482-B-42_w003.npy,"[13, 197]","[64, 197]",16000,2.0,1.0,P3-v0.1,P2-v0.1
43806_2-43806-A-42_w000,ESC-50,43806,2-43806-A-42.wav,siren,SIREN,train,2,A,0,0,32000,0.0,2.0,5.0,features/mfcc/train/SIREN/43806_2-43806-A-42_w000.npy,features/log_mel/train/SIREN/43806_2-43806-A-42_w000.npy,"[13, 197]","[64, 197]",16000,2.0,1.0,P3-v0.1,P2-v0.1
43806_2-43806-A-42_w001,ESC-50,43806,2-43806-A-42.wav,siren,SIREN,train,2,A,1,16000,48000,1.0,3.0,5.0,features/mfcc/train/SIREN/43806_2-43806-A-42_w001.npy,features/log_mel/train/SIREN/43806_2-43806-A-42_w001.npy,"[13, 197]","[64, 197]",16000,2.0,1.0,P3-v0.1,P2-v0.1
43806_2-43806-A-42_w002,ESC-50,43806,2-43806-A-42.wav,siren,SIREN,train,2,A,2,32000,64000,2.0,4.0,5.0,features/mfcc/train/SIREN/43806_2-43806-A-42_w002.npy,features/log_mel/train/SIREN/43806_2-43806-A-42_w002.npy,"[13, 197]","[64, 197]",16000,2.0,1.0,P3-v0.1,P2-v0.1
43806_2-43806-A-42_w003,ESC-50,43806,2-43806-A-42.wav,siren,SIREN,train,2,A,3,48000,80000,3.0,5.0,5.0,features/mfcc/train/SIREN/43806_2-43806-A-42_w003.npy,features/log_mel/train/SIREN/43806_2-43806-A-42_w003.npy,"[13, 197]","[64, 197]",16000,2.0,1.0,P3-v0.1,P2-v0.1
51376_3-51376-A-42_w000,ESC-50,51376,3-51376-A-42.wav,siren,SIREN,train,3,A,0,0,32000,0.0,2.0,5.0,features/mfcc/train/SIREN/51376_3-51376-A-42_w000.npy,features/log_mel/train/SIREN/51376_3-51376-A-42_w000.npy,"[13, 197]","[64, 197]",16000,2.0,1.0,P3-v0.1,P2-v0.1
51376_3-51376-A-42_w001,ESC-50,51376,3-51376-A-42.wav,siren,SIREN,train,3,A,1,16000,48000,1.0,3.0,5.0,features/mfcc/train/SIREN/51376_3-51376-A-42_w001.npy,features/log_mel/train/SIREN/51376_3-51376-A-42_w001.npy,"[13, 197]","[64, 197]",16000,2.0,1.0,P3-v0.1,P2-v0.1
51376_3-51376-A-42_w002,ESC-50,51376,3-51376-A-42.wav,siren,SIREN,train,3,A,2,32000,64000,2.0,4.0,5.0,features/mfcc/train/SIREN/51376_3-51376-A-42_w002.npy,features/log_mel/train/SIREN/51376_3-51376-A-42_w002.npy,"[13, 197]","[64, 197]",16000,2.0,1.0,P3-v0.1,P2-v0.1
51376_3-51376-A-42_w003,ESC-50,51376,3-51376-A-42.wav,siren,SIREN,train,3,A,3,48000,80000,3.0,5.0,5.0,features/mfcc/train/SIREN/51376_3-51376-A-42_w003.npy,features/log_mel/train/SIREN/51376_3-51376-A-42_w003.npy,"[13, 197]","[64, 197]",16000,2.0,1.0,P3-v0.1,P2-v0.1
51731_3-51731-A-42_w000,ESC-50,51731,3-51731-A-42.wav,siren,SIREN,train,3,A,0,0,32000,0.0,2.0,5.0,features/mfcc/train/SIREN/51731_3-51731-A-42_w000.npy,features/log_mel/train/SIREN/51731_3-51731-A-42_w000.npy,"[13, 197]","[64, 197]",16000,2.0,1.0,P3-v0.1,P2-v0.1
51731_3-51731-A-42_w001,ESC-50,51731,3-51731-A-42.wav,siren,SIREN,train,3,A,1,16000,48000,1.0,3.0,5.0,features/mfcc/train/SIREN/51731_3-51731-A-42_w001.npy,features/log_mel/train/SIREN/51731_3-51731-A-42_w001.npy,"[13, 197]","[64, 197]",16000,2.0,1.0,P3-v0.1,P2-v0.1
51731_3-51731-A-42_w002,ESC-50,51731,3-51731-A-42.wav,siren,SIREN,train,3,A,2,32000,64000,2.0,4.0,5.0,features/mfcc/train/SIREN/51731_3-51731-A-42_w002.npy,features/log_mel/train/SIREN/51731_3-51731-A-42_w002.npy,"[13, 197]","[64, 197]",16000,2.0,1.0,P3-v0.1,P2-v0.1
51731_3-51731-A-42_w003,ESC-50,51731,3-51731-A-42.wav,siren,SIREN,train,3,A,3,48000,80000,3.0,5.0,5.0,features/mfcc/train/SIREN/51731_3-51731-A-42_w003.npy,features/log_mel/train/SIREN/51731_3-51731-A-42_w003.npy,"[13, 197]","[64, 197]",16000,2.0,1.0,P3-v0.1,P2-v0.1
51731_3-51731-B-42_w000,ESC-50,51731,3-51731-B-42.wav,siren,SIREN,train,3,B,0,0,32000,0.0,2.0,5.0,features/mfcc/train/SIREN/51731_3-51731-B-42_w000.npy,features/log_mel/train/SIREN/51731_3-51731-B-42_w000.npy,"[13, 197]","[64, 197]",16000,2.0,1.0,P3-v0.1,P2-v0.1
51731_3-51731-B-42_w001,ESC-50,51731,3-51731-B-42.wav,siren,SIREN,train,3,B,1,16000,48000,1.0,3.0,5.0,features/mfcc/train/SIREN/51731_3-51731-B-42_w001.npy,features/log_mel/train/SIREN/51731_3-51731-B-42_w001.npy,"[13, 197]","[64, 197]",16000,2.0,1.0,P3-v0.1,P2-v0.1
51731_3-51731-B-42_w002,ESC-50,51731,3-51731-B-42.wav,siren,SIREN,train,3,B,2,32000,64000,2.0,4.0,5.0,features/mfcc/train/SIREN/51731_3-51731-B-42_w002.npy,features/log_mel/train/SIREN/51731_3-51731-B-42_w002.npy,"[13, 197]","[64, 197]",16000,2.0,1.0,P3-v0.1,P2-v0.1
51731_3-51731-B-42_w003,ESC-50,51731,3-51731-B-42.wav,siren,SIREN,train,3,B,3,48000,80000,3.0,5.0,5.0,features/mfcc/train/SIREN/51731_3-51731-B-42_w003.npy,features/log_mel/train/SIREN/51731_3-51731-B-42_w003.npy,"[13, 197]","[64, 197]",16000,2.0,1.0,P3-v0.1,P2-v0.1
51909_3-51909-A-42_w000,ESC-50,51909,3-51909-A-42.wav,siren,SIREN,train,3,A,0,0,32000,0.0,2.0,5.0,features/mfcc/train/SIREN/51909_3-51909-A-42_w000.npy,features/log_mel/train/SIREN/51909_3-51909-A-42_w000.npy,"[13, 197]","[64, 197]",16000,2.0,1.0,P3-v0.1,P2-v0.1
51909_3-51909-A-42_w001,ESC-50,51909,3-51909-A-42.wav,siren,SIREN,train,3,A,1,16000,48000,1.0,3.0,5.0,features/mfcc/train/SIREN/51909_3-51909-A-42_w001.npy,features/log_mel/train/SIREN/51909_3-51909-A-42_w001.npy,"[13, 197]","[64, 197]",16000,2.0,1.0,P3-v0.1,P2-v0.1
51909_3-51909-A-42_w002,ESC-50,51909,3-51909-A-42.wav,siren,SIREN,train,3,A,2,32000,64000,2.0,4.0,5.0,features/mfcc/train/SIREN/51909_3-51909-A-42_w002.npy,features/log_mel/train/SIREN/51909_3-51909-A-42_w002.npy,"[13, 197]","[64, 197]",16000,2.0,1.0,P3-v0.1,P2-v0.1
51909_3-51909-A-42_w003,ESC-50,51909,3-51909-A-42.wav,siren,SIREN,train,3,A,3,48000,80000,3.0,5.0,5.0,features/mfcc/train/SIREN/51909_3-51909-A-42_w003.npy,features/log_mel/train/SIREN/51909_3-51909-A-42_w003.npy,"[13, 197]","[64, 197]",16000,2.0,1.0,P3-v0.1,P2-v0.1
51909_3-51909-B-42_w000,ESC-50,51909,3-51909-B-42.wav,siren,SIREN,train,3,B,0,0,32000,0.0,2.0,5.0,features/mfcc/train/SIREN/51909_3-51909-B-42_w000.npy,features/log_mel/train/SIREN/51909_3-51909-B-42_w000.npy,"[13, 197]","[64, 197]",16000,2.0,1.0,P3-v0.1,P2-v0.1
51909_3-51909-B-42_w001,ESC-50,51909,3-51909-B-42.wav,siren,SIREN,train,3,B,1,16000,48000,1.0,3.0,5.0,features/mfcc/train/SIREN/51909_3-51909-B-42_w001.npy,features/log_mel/train/SIREN/51909_3-51909-B-42_w001.npy,"[13, 197]","[64, 197]",16000,2.0,1.0,P3-v0.1,P2-v0.1
51909_3-51909-B-42_w002,ESC-50,51909,3-51909-B-42.wav,siren,SIREN,train,3,B,2,32000,64000,2.0,4.0,5.0,features/mfcc/train/SIREN/51909_3-51909-B-42_w002.npy,features/log_mel/train/SIREN/51909_3-51909-B-42_w002.npy,"[13, 197]","[64, 197]",16000,2.0,1.0,P3-v0.1,P2-v0.1
51909_3-51909-B-42_w003,ESC-50,51909,3-51909-B-42.wav,siren,SIREN,train,3,B,3,48000,80000,3.0,5.0,5.0,features/mfcc/train/SIREN/51909_3-51909-B-42_w003.npy,features/log_mel/train/SIREN/51909_3-51909-B-42_w003.npy,"[13, 197]","[64, 197]",16000,2.0,1.0,P3-v0.1,P2-v0.1
58772_3-58772-A-42_w000,ESC-50,58772,3-58772-A-42.wav,siren,SIREN,train,3,A,0,0,32000,0.0,2.0,5.0,features/mfcc/train/SIREN/58772_3-58772-A-42_w000.npy,features/log_mel/train/SIREN/58772_3-58772-A-42_w000.npy,"[13, 197]","[64, 197]",16000,2.0,1.0,P3-v0.1,P2-v0.1
58772_3-58772-A-42_w001,ESC-50,58772,3-58772-A-42.wav,siren,SIREN,train,3,A,1,16000,48000,1.0,3.0,5.0,features/mfcc/train/SIREN/58772_3-58772-A-42_w001.npy,features/log_mel/train/SIREN/58772_3-58772-A-42_w001.npy,"[13, 197]","[64, 197]",16000,2.0,1.0,P3-v0.1,P2-v0.1
58772_3-58772-A-42_w002,ESC-50,58772,3-58772-A-42.wav,siren,SIREN,train,3,A,2,32000,64000,2.0,4.0,5.0,features/mfcc/train/SIREN/58772_3-58772-A-42_w002.npy,features/log_mel/train/SIREN/58772_3-58772-A-42_w002.npy,"[13, 197]","[64, 197]",16000,2.0,1.0,P3-v0.1,P2-v0.1
58772_3-58772-A-42_w003,ESC-50,58772,3-58772-A-42.wav,siren,SIREN,train,3,A,3,48000,80000,3.0,5.0,5.0,features/mfcc/train/SIREN/58772_3-58772-A-42_w003.npy,features/log_mel/train/SIREN/58772_3-58772-A-42_w003.npy,"[13, 197]","[64, 197]",16000,2.0,1.0,P3-v0.1,P2-v0.1
62878_3-62878-A-42_w000,ESC-50,62878,3-62878-A-42.wav,siren,SIREN,train,3,A,0,0,32000,0.0,2.0,5.0,features/mfcc/train/SIREN/62878_3-62878-A-42_w000.npy,features/log_mel/train/SIREN/62878_3-62878-A-42_w000.npy,"[13, 197]","[64, 197]",16000,2.0,1.0,P3-v0.1,P2-v0.1
62878_3-62878-A-42_w001,ESC-50,62878,3-62878-A-42.wav,siren,SIREN,train,3,A,1,16000,48000,1.0,3.0,5.0,features/mfcc/train/SIREN/62878_3-62878-A-42_w001.npy,features/log_mel/train/SIREN/62878_3-62878-A-42_w001.npy,"[13, 197]","[64, 197]",16000,2.0,1.0,P3-v0.1,P2-v0.1
62878_3-62878-A-42_w002,ESC-50,62878,3-62878-A-42.wav,siren,SIREN,train,3,A,2,32000,64000,2.0,4.0,5.0,features/mfcc/train/SIREN/62878_3-62878-A-42_w002.npy,features/log_mel/train/SIREN/62878_3-62878-A-42_w002.npy,"[13, 197]","[64, 197]",16000,2.0,1.0,P3-v0.1,P2-v0.1
62878_3-62878-A-42_w003,ESC-50,62878,3-62878-A-42.wav,siren,SIREN,train,3,A,3,48000,80000,3.0,5.0,5.0,features/mfcc/train/SIREN/62878_3-62878-A-42_w003.npy,features/log_mel/train/SIREN/62878_3-62878-A-42_w003.npy,"[13, 197]","[64, 197]",16000,2.0,1.0,P3-v0.1,P2-v0.1
62878_3-62878-B-42_w000,ESC-50,62878,3-62878-B-42.wav,siren,SIREN,train,3,B,0,0,32000,0.0,2.0,5.0,features/mfcc/train/SIREN/62878_3-62878-B-42_w000.npy,features/log_mel/train/SIREN/62878_3-62878-B-42_w000.npy,"[13, 197]","[64, 197]",16000,2.0,1.0,P3-v0.1,P2-v0.1
62878_3-62878-B-42_w001,ESC-50,62878,3-62878-B-42.wav,siren,SIREN,train,3,B,1,16000,48000,1.0,3.0,5.0,features/mfcc/train/SIREN/62878_3-62878-B-42_w001.npy,features/log_mel/train/SIREN/62878_3-62878-B-42_w001.npy,"[13, 197]","[64, 197]",16000,2.0,1.0,P3-v0.1,P2-v0.1
62878_3-62878-B-42_w002,ESC-50,62878,3-62878-B-42.wav,siren,SIREN,train,3,B,2,32000,64000,2.0,4.0,5.0,features/mfcc/train/SIREN/62878_3-62878-B-42_w002.npy,features/log_mel/train/SIREN/62878_3-62878-B-42_w002.npy,"[13, 197]","[64, 197]",16000,2.0,1.0,P3-v0.1,P2-v0.1
62878_3-62878-B-42_w003,ESC-50,62878,3-62878-B-42.wav,siren,SIREN,train,3,B,3,48000,80000,3.0,5.0,5.0,features/mfcc/train/SIREN/62878_3-62878-B-42_w003.npy,features/log_mel/train/SIREN/62878_3-62878-B-42_w003.npy,"[13, 197]","[64, 197]",16000,2.0,1.0,P3-v0.1,P2-v0.1
67358_4-67358-A-42_w000,ESC-50,67358,4-67358-A-42.wav,siren,SIREN,train,4,A,0,0,32000,0.0,2.0,5.0,features/mfcc/train/SIREN/67358_4-67358-A-42_w000.npy,features/log_mel/train/SIREN/67358_4-67358-A-42_w000.npy,"[13, 197]","[64, 197]",16000,2.0,1.0,P3-v0.1,P2-v0.1
67358_4-67358-A-42_w001,ESC-50,67358,4-67358-A-42.wav,siren,SIREN,train,4,A,1,16000,48000,1.0,3.0,5.0,features/mfcc/train/SIREN/67358_4-67358-A-42_w001.npy,features/log_mel/train/SIREN/67358_4-67358-A-42_w001.npy,"[13, 197]","[64, 197]",16000,2.0,1.0,P3-v0.1,P2-v0.1
67358_4-67358-A-42_w002,ESC-50,67358,4-67358-A-42.wav,siren,SIREN,train,4,A,2,32000,64000,2.0,4.0,5.0,features/mfcc/train/SIREN/67358_4-67358-A-42_w002.npy,features/log_mel/train/SIREN/67358_4-67358-A-42_w002.npy,"[13, 197]","[64, 197]",16000,2.0,1.0,P3-v0.1,P2-v0.1
67358_4-67358-A-42_w003,ESC-50,67358,4-67358-A-42.wav,siren,SIREN,train,4,A,3,48000,80000,3.0,5.0,5.0,features/mfcc/train/SIREN/67358_4-67358-A-42_w003.npy,features/log_mel/train/SIREN/67358_4-67358-A-42_w003.npy,"[13, 197]","[64, 197]",16000,2.0,1.0,P3-v0.1,P2-v0.1
70936_2-70936-A-42_w000,ESC-50,70936,2-70936-A-42.wav,siren,SIREN,train,2,A,0,0,32000,0.0,2.0,5.0,features/mfcc/train/SIREN/70936_2-70936-A-42_w000.npy,features/log_mel/train/SIREN/70936_2-70936-A-42_w000.npy,"[13, 197]","[64, 197]",16000,2.0,1.0,P3-v0.1,P2-v0.1
70936_2-70936-A-42_w001,ESC-50,70936,2-70936-A-42.wav,siren,SIREN,train,2,A,1,16000,48000,1.0,3.0,5.0,features/mfcc/train/SIREN/70936_2-70936-A-42_w001.npy,features/log_mel/train/SIREN/70936_2-70936-A-42_w001.npy,"[13, 197]","[64, 197]",16000,2.0,1.0,P3-v0.1,P2-v0.1
70936_2-70936-A-42_w002,ESC-50,70936,2-70936-A-42.wav,siren,SIREN,train,2,A,2,32000,64000,2.0,4.0,5.0,features/mfcc/train/SIREN/70936_2-70936-A-42_w002.npy,features/log_mel/train/SIREN/70936_2-70936-A-42_w002.npy,"[13, 197]","[64, 197]",16000,2.0,1.0,P3-v0.1,P2-v0.1
70936_2-70936-A-42_w003,ESC-50,70936,2-70936-A-42.wav,siren,SIREN,train,2,A,3,48000,80000,3.0,5.0,5.0,features/mfcc/train/SIREN/70936_2-70936-A-42_w003.npy,features/log_mel/train/SIREN/70936_2-70936-A-42_w003.npy,"[13, 197]","[64, 197]",16000,2.0,1.0,P3-v0.1,P2-v0.1
70939_2-70939-A-42_w000,ESC-50,70939,2-70939-A-42.wav,siren,SIREN,train,2,A,0,0,32000,0.0,2.0,5.0,features/mfcc/train/SIREN/70939_2-70939-A-42_w000.npy,features/log_mel/train/SIREN/70939_2-70939-A-42_w000.npy,"[13, 197]","[64, 197]",16000,2.0,1.0,P3-v0.1,P2-v0.1
70939_2-70939-A-42_w001,ESC-50,70939,2-70939-A-42.wav,siren,SIREN,train,2,A,1,16000,48000,1.0,3.0,5.0,features/mfcc/train/SIREN/70939_2-70939-A-42_w001.npy,features/log_mel/train/SIREN/70939_2-70939-A-42_w001.npy,"[13, 197]","[64, 197]",16000,2.0,1.0,P3-v0.1,P2-v0.1
70939_2-70939-A-42_w002,ESC-50,70939,2-70939-A-42.wav,siren,SIREN,train,2,A,2,32000,64000,2.0,4.0,5.0,features/mfcc/train/SIREN/70939_2-70939-A-42_w002.npy,features/log_mel/train/SIREN/70939_2-70939-A-42_w002.npy,"[13, 197]","[64, 197]",16000,2.0,1.0,P3-v0.1,P2-v0.1
70939_2-70939-A-42_w003,ESC-50,70939,2-70939-A-42.wav,siren,SIREN,train,2,A,3,48000,80000,3.0,5.0,5.0,features/mfcc/train/SIREN/70939_2-70939-A-42_w003.npy,features/log_mel/train/SIREN/70939_2-70939-A-42_w003.npy,"[13, 197]","[64, 197]",16000,2.0,1.0,P3-v0.1,P2-v0.1
80761_4-80761-A-42_w000,ESC-50,80761,4-80761-A-42.wav,siren,SIREN,train,4,A,0,0,32000,0.0,2.0,5.0,features/mfcc/train/SIREN/80761_4-80761-A-42_w000.npy,features/log_mel/train/SIREN/80761_4-80761-A-42_w000.npy,"[13, 197]","[64, 197]",16000,2.0,1.0,P3-v0.1,P2-v0.1
80761_4-80761-A-42_w001,ESC-50,80761,4-80761-A-42.wav,siren,SIREN,train,4,A,1,16000,48000,1.0,3.0,5.0,features/mfcc/train/SIREN/80761_4-80761-A-42_w001.npy,features/log_mel/train/SIREN/80761_4-80761-A-42_w001.npy,"[13, 197]","[64, 197]",16000,2.0,1.0,P3-v0.1,P2-v0.1
80761_4-80761-A-42_w002,ESC-50,80761,4-80761-A-42.wav,siren,SIREN,train,4,A,2,32000,64000,2.0,4.0,5.0,features/mfcc/train/SIREN/80761_4-80761-A-42_w002.npy,features/log_mel/train/SIREN/80761_4-80761-A-42_w002.npy,"[13, 197]","[64, 197]",16000,2.0,1.0,P3-v0.1,P2-v0.1
80761_4-80761-A-42_w003,ESC-50,80761,4-80761-A-42.wav,siren,SIREN,train,4,A,3,48000,80000,3.0,5.0,5.0,features/mfcc/train/SIREN/80761_4-80761-A-42_w003.npy,features/log_mel/train/SIREN/80761_4-80761-A-42_w003.npy,"[13, 197]","[64, 197]",16000,2.0,1.0,P3-v0.1,P2-v0.1
90014_4-90014-A-42_w000,ESC-50,90014,4-90014-A-42.wav,siren,SIREN,train,4,A,0,0,32000,0.0,2.0,5.0,features/mfcc/train/SIREN/90014_4-90014-A-42_w000.npy,features/log_mel/train/SIREN/90014_4-90014-A-42_w000.npy,"[13, 197]","[64, 197]",16000,2.0,1.0,P3-v0.1,P2-v0.1
90014_4-90014-A-42_w001,ESC-50,90014,4-90014-A-42.wav,siren,SIREN,train,4,A,1,16000,48000,1.0,3.0,5.0,features/mfcc/train/SIREN/90014_4-90014-A-42_w001.npy,features/log_mel/train/SIREN/90014_4-90014-A-42_w001.npy,"[13, 197]","[64, 197]",16000,2.0,1.0,P3-v0.1,P2-v0.1
90014_4-90014-A-42_w002,ESC-50,90014,4-90014-A-42.wav,siren,SIREN,train,4,A,2,32000,64000,2.0,4.0,5.0,features/mfcc/train/SIREN/90014_4-90014-A-42_w002.npy,features/log_mel/train/SIREN/90014_4-90014-A-42_w002.npy,"[13, 197]","[64, 197]",16000,2.0,1.0,P3-v0.1,P2-v0.1
90014_4-90014-A-42_w003,ESC-50,90014,4-90014-A-42.wav,siren,SIREN,train,4,A,3,48000,80000,3.0,5.0,5.0,features/mfcc/train/SIREN/90014_4-90014-A-42_w003.npy,features/log_mel/train/SIREN/90014_4-90014-A-42_w003.npy,"[13, 197]","[64, 197]",16000,2.0,1.0,P3-v0.1,P2-v0.1
90014_4-90014-B-42_w000,ESC-50,90014,4-90014-B-42.wav,siren,SIREN,train,4,B,0,0,32000,0.0,2.0,5.0,features/mfcc/train/SIREN/90014_4-90014-B-42_w000.npy,features/log_mel/train/SIREN/90014_4-90014-B-42_w000.npy,"[13, 197]","[64, 197]",16000,2.0,1.0,P3-v0.1,P2-v0.1
90014_4-90014-B-42_w001,ESC-50,90014,4-90014-B-42.wav,siren,SIREN,train,4,B,1,16000,48000,1.0,3.0,5.0,features/mfcc/train/SIREN/90014_4-90014-B-42_w001.npy,features/log_mel/train/SIREN/90014_4-90014-B-42_w001.npy,"[13, 197]","[64, 197]",16000,2.0,1.0,P3-v0.1,P2-v0.1
90014_4-90014-B-42_w002,ESC-50,90014,4-90014-B-42.wav,siren,SIREN,train,4,B,2,32000,64000,2.0,4.0,5.0,features/mfcc/train/SIREN/90014_4-90014-B-42_w002.npy,features/log_mel/train/SIREN/90014_4-90014-B-42_w002.npy,"[13, 197]","[64, 197]",16000,2.0,1.0,P3-v0.1,P2-v0.1
90014_4-90014-B-42_w003,ESC-50,90014,4-90014-B-42.wav,siren,SIREN,train,4,B,3,48000,80000,3.0,5.0,5.0,features/mfcc/train/SIREN/90014_4-90014-B-42_w003.npy,features/log_mel/train/SIREN/90014_4-90014-B-42_w003.npy,"[13, 197]","[64, 197]",16000,2.0,1.0,P3-v0.1,P2-v0.1
111671_4-111671-A-42_w000,ESC-50,111671,4-111671-A-42.wav,siren,SIREN,train,4,A,0,0,32000,0.0,2.0,5.0,features/mfcc/train/SIREN/111671_4-111671-A-42_w000.npy,features/log_mel/train/SIREN/111671_4-111671-A-42_w000.npy,"[13, 197]","[64, 197]",16000,2.0,1.0,P3-v0.1,P2-v0.1
111671_4-111671-A-42_w001,ESC-50,111671,4-111671-A-42.wav,siren,SIREN,train,4,A,1,16000,48000,1.0,3.0,5.0,features/mfcc/train/SIREN/111671_4-111671-A-42_w001.npy,features/log_mel/train/SIREN/111671_4-111671-A-42_w001.npy,"[13, 197]","[64, 197]",16000,2.0,1.0,P3-v0.1,P2-v0.1
111671_4-111671-A-42_w002,ESC-50,111671,4-111671-A-42.wav,siren,SIREN,train,4,A,2,32000,64000,2.0,4.0,5.0,features/mfcc/train/SIREN/111671_4-111671-A-42_w002.npy,features/log_mel/train/SIREN/111671_4-111671-A-42_w002.npy,"[13, 197]","[64, 197]",16000,2.0,1.0,P3-v0.1,P2-v0.1
111671_4-111671-A-42_w003,ESC-50,111671,4-111671-A-42.wav,siren,SIREN,train,4,A,3,48000,80000,3.0,5.0,5.0,features/mfcc/train/SIREN/111671_4-111671-A-42_w003.npy,features/log_mel/train/SIREN/111671_4-111671-A-42_w003.npy,"[13, 197]","[64, 197]",16000,2.0,1.0,P3-v0.1,P2-v0.1
111671_4-111671-B-42_w000,ESC-50,111671,4-111671-B-42.wav,siren,SIREN,train,4,B,0,0,32000,0.0,2.0,5.0,features/mfcc/train/SIREN/111671_4-111671-B-42_w000.npy,features/log_mel/train/SIREN/111671_4-111671-B-42_w000.npy,"[13, 197]","[64, 197]",16000,2.0,1.0,P3-v0.1,P2-v0.1
111671_4-111671-B-42_w001,ESC-50,111671,4-111671-B-42.wav,siren,SIREN,train,4,B,1,16000,48000,1.0,3.0,5.0,features/mfcc/train/SIREN/111671_4-111671-B-42_w001.npy,features/log_mel/train/SIREN/111671_4-111671-B-42_w001.npy,"[13, 197]","[64, 197]",16000,2.0,1.0,P3-v0.1,P2-v0.1
111671_4-111671-B-42_w002,ESC-50,111671,4-111671-B-42.wav,siren,SIREN,train,4,B,2,32000,64000,2.0,4.0,5.0,features/mfcc/train/SIREN/111671_4-111671-B-42_w002.npy,features/log_mel/train/SIREN/111671_4-111671-B-42_w002.npy,"[13, 197]","[64, 197]",16000,2.0,1.0,P3-v0.1,P2-v0.1
111671_4-111671-B-42_w003,ESC-50,111671,4-111671-B-42.wav,siren,SIREN,train,4,B,3,48000,80000,3.0,5.0,5.0,features/mfcc/train/SIREN/111671_4-111671-B-42_w003.npy,features/log_mel/train/SIREN/111671_4-111671-B-42_w003.npy,"[13, 197]","[64, 197]",16000,2.0,1.0,P3-v0.1,P2-v0.1
117118_5-117118-A-42_w000,ESC-50,117118,5-117118-A-42.wav,siren,SIREN,train,5,A,0,0,32000,0.0,2.0,5.0,features/mfcc/train/SIREN/117118_5-117118-A-42_w000.npy,features/log_mel/train/SIREN/117118_5-117118-A-42_w000.npy,"[13, 197]","[64, 197]",16000,2.0,1.0,P3-v0.1,P2-v0.1
117118_5-117118-A-42_w001,ESC-50,117118,5-117118-A-42.wav,siren,SIREN,train,5,A,1,16000,48000,1.0,3.0,5.0,features/mfcc/train/SIREN/117118_5-117118-A-42_w001.npy,features/log_mel/train/SIREN/117118_5-117118-A-42_w001.npy,"[13, 197]","[64, 197]",16000,2.0,1.0,P3-v0.1,P2-v0.1
117118_5-117118-A-42_w002,ESC-50,117118,5-117118-A-42.wav,siren,SIREN,train,5,A,2,32000,64000,2.0,4.0,5.0,features/mfcc/train/SIREN/117118_5-117118-A-42_w002.npy,features/log_mel/train/SIREN/117118_5-117118-A-42_w002.npy,"[13, 197]","[64, 197]",16000,2.0,1.0,P3-v0.1,P2-v0.1
117118_5-117118-A-42_w003,ESC-50,117118,5-117118-A-42.wav,siren,SIREN,train,5,A,3,48000,80000,3.0,5.0,5.0,features/mfcc/train/SIREN/117118_5-117118-A-42_w003.npy,features/log_mel/train/SIREN/117118_5-117118-A-42_w003.npy,"[13, 197]","[64, 197]",16000,2.0,1.0,P3-v0.1,P2-v0.1
117120_5-117120-A-42_w000,ESC-50,117120,5-117120-A-42.wav,siren,SIREN,train,5,A,0,0,32000,0.0,2.0,5.0,features/mfcc/train/SIREN/117120_5-117120-A-42_w000.npy,features/log_mel/train/SIREN/117120_5-117120-A-42_w000.npy,"[13, 197]","[64, 197]",16000,2.0,1.0,P3-v0.1,P2-v0.1
117120_5-117120-A-42_w001,ESC-50,117120,5-117120-A-42.wav,siren,SIREN,train,5,A,1,16000,48000,1.0,3.0,5.0,features/mfcc/train/SIREN/117120_5-117120-A-42_w001.npy,features/log_mel/train/SIREN/117120_5-117120-A-42_w001.npy,"[13, 197]","[64, 197]",16000,2.0,1.0,P3-v0.1,P2-v0.1
117120_5-117120-A-42_w002,ESC-50,117120,5-117120-A-42.wav,siren,SIREN,train,5,A,2,32000,64000,2.0,4.0,5.0,features/mfcc/train/SIREN/117120_5-117120-A-42_w002.npy,features/log_mel/train/SIREN/117120_5-117120-A-42_w002.npy,"[13, 197]","[64, 197]",16000,2.0,1.0,P3-v0.1,P2-v0.1
117120_5-117120-A-42_w003,ESC-50,117120,5-117120-A-42.wav,siren,SIREN,train,5,A,3,48000,80000,3.0,5.0,5.0,features/mfcc/train/SIREN/117120_5-117120-A-42_w003.npy,features/log_mel/train/SIREN/117120_5-117120-A-42_w003.npy,"[13, 197]","[64, 197]",16000,2.0,1.0,P3-v0.1,P2-v0.1
117122_5-117122-A-42_w000,ESC-50,117122,5-117122-A-42.wav,siren,SIREN,train,5,A,0,0,32000,0.0,2.0,5.0,features/mfcc/train/SIREN/117122_5-117122-A-42_w000.npy,features/log_mel/train/SIREN/117122_5-117122-A-42_w000.npy,"[13, 197]","[64, 197]",16000,2.0,1.0,P3-v0.1,P2-v0.1
117122_5-117122-A-42_w001,ESC-50,117122,5-117122-A-42.wav,siren,SIREN,train,5,A,1,16000,48000,1.0,3.0,5.0,features/mfcc/train/SIREN/117122_5-117122-A-42_w001.npy,features/log_mel/train/SIREN/117122_5-117122-A-42_w001.npy,"[13, 197]","[64, 197]",16000,2.0,1.0,P3-v0.1,P2-v0.1
117122_5-117122-A-42_w002,ESC-50,117122,5-117122-A-42.wav,siren,SIREN,train,5,A,2,32000,64000,2.0,4.0,5.0,features/mfcc/train/SIREN/117122_5-117122-A-42_w002.npy,features/log_mel/train/SIREN/117122_5-117122-A-42_w002.npy,"[13, 197]","[64, 197]",16000,2.0,1.0,P3-v0.1,P2-v0.1
117122_5-117122-A-42_w003,ESC-50,117122,5-117122-A-42.wav,siren,SIREN,train,5,A,3,48000,80000,3.0,5.0,5.0,features/mfcc/train/SIREN/117122_5-117122-A-42_w003.npy,features/log_mel/train/SIREN/117122_5-117122-A-42_w003.npy,"[13, 197]","[64, 197]",16000,2.0,1.0,P3-v0.1,P2-v0.1
133989_5-133989-A-42_w000,ESC-50,133989,5-133989-A-42.wav,siren,SIREN,train,5,A,0,0,32000,0.0,2.0,5.0,features/mfcc/train/SIREN/133989_5-133989-A-42_w000.npy,features/log_mel/train/SIREN/133989_5-133989-A-42_w000.npy,"[13, 197]","[64, 197]",16000,2.0,1.0,P3-v0.1,P2-v0.1
133989_5-133989-A-42_w001,ESC-50,133989,5-133989-A-42.wav,siren,SIREN,train,5,A,1,16000,48000,1.0,3.0,5.0,features/mfcc/train/SIREN/133989_5-133989-A-42_w001.npy,features/log_mel/train/SIREN/133989_5-133989-A-42_w001.npy,"[13, 197]","[64, 197]",16000,2.0,1.0,P3-v0.1,P2-v0.1
133989_5-133989-A-42_w002,ESC-50,133989,5-133989-A-42.wav,siren,SIREN,train,5,A,2,32000,64000,2.0,4.0,5.0,features/mfcc/train/SIREN/133989_5-133989-A-42_w002.npy,features/log_mel/train/SIREN/133989_5-133989-A-42_w002.npy,"[13, 197]","[64, 197]",16000,2.0,1.0,P3-v0.1,P2-v0.1
133989_5-133989-A-42_w003,ESC-50,133989,5-133989-A-42.wav,siren,SIREN,train,5,A,3,48000,80000,3.0,5.0,5.0,features/mfcc/train/SIREN/133989_5-133989-A-42_w003.npy,features/log_mel/train/SIREN/133989_5-133989-A-42_w003.npy,"[13, 197]","[64, 197]",16000,2.0,1.0,P3-v0.1,P2-v0.1
133989_5-133989-B-42_w000,ESC-50,133989,5-133989-B-42.wav,siren,SIREN,train,5,B,0,0,32000,0.0,2.0,5.0,features/mfcc/train/SIREN/133989_5-133989-B-42_w000.npy,features/log_mel/train/SIREN/133989_5-133989-B-42_w000.npy,"[13, 197]","[64, 197]",16000,2.0,1.0,P3-v0.1,P2-v0.1
133989_5-133989-B-42_w001,ESC-50,133989,5-133989-B-42.wav,siren,SIREN,train,5,B,1,16000,48000,1.0,3.0,5.0,features/mfcc/train/SIREN/133989_5-133989-B-42_w001.npy,features/log_mel/train/SIREN/133989_5-133989-B-42_w001.npy,"[13, 197]","[64, 197]",16000,2.0,1.0,P3-v0.1,P2-v0.1
133989_5-133989-B-42_w002,ESC-50,133989,5-133989-B-42.wav,siren,SIREN,train,5,B,2,32000,64000,2.0,4.0,5.0,features/mfcc/train/SIREN/133989_5-133989-B-42_w002.npy,features/log_mel/train/SIREN/133989_5-133989-B-42_w002.npy,"[13, 197]","[64, 197]",16000,2.0,1.0,P3-v0.1,P2-v0.1
133989_5-133989-B-42_w003,ESC-50,133989,5-133989-B-42.wav,siren,SIREN,train,5,B,3,48000,80000,3.0,5.0,5.0,features/mfcc/train/SIREN/133989_5-133989-B-42_w003.npy,features/log_mel/train/SIREN/133989_5-133989-B-42_w003.npy,"[13, 197]","[64, 197]",16000,2.0,1.0,P3-v0.1,P2-v0.1
150409_5-150409-A-42_w000,ESC-50,150409,5-150409-A-42.wav,siren,SIREN,train,5,A,0,0,32000,0.0,2.0,5.0,features/mfcc/train/SIREN/150409_5-150409-A-42_w000.npy,features/log_mel/train/SIREN/150409_5-150409-A-42_w000.npy,"[13, 197]","[64, 197]",16000,2.0,1.0,P3-v0.1,P2-v0.1
150409_5-150409-A-42_w001,ESC-50,150409,5-150409-A-42.wav,siren,SIREN,train,5,A,1,16000,48000,1.0,3.0,5.0,features/mfcc/train/SIREN/150409_5-150409-A-42_w001.npy,features/log_mel/train/SIREN/150409_5-150409-A-42_w001.npy,"[13, 197]","[64, 197]",16000,2.0,1.0,P3-v0.1,P2-v0.1
150409_5-150409-A-42_w002,ESC-50,150409,5-150409-A-42.wav,siren,SIREN,train,5,A,2,32000,64000,2.0,4.0,5.0,features/mfcc/train/SIREN/150409_5-150409-A-42_w002.npy,features/log_mel/train/SIREN/150409_5-150409-A-42_w002.npy,"[13, 197]","[64, 197]",16000,2.0,1.0,P3-v0.1,P2-v0.1
150409_5-150409-A-42_w003,ESC-50,150409,5-150409-A-42.wav,siren,SIREN,train,5,A,3,48000,80000,3.0,5.0,5.0,features/mfcc/train/SIREN/150409_5-150409-A-42_w003.npy,features/log_mel/train/SIREN/150409_5-150409-A-42_w003.npy,"[13, 197]","[64, 197]",16000,2.0,1.0,P3-v0.1,P2-v0.1
160551_5-160551-A-42_w000,ESC-50,160551,5-160551-A-42.wav,siren,SIREN,train,5,A,0,0,32000,0.0,2.0,5.0,features/mfcc/train/SIREN/160551_5-160551-A-42_w000.npy,features/log_mel/train/SIREN/160551_5-160551-A-42_w000.npy,"[13, 197]","[64, 197]",16000,2.0,1.0,P3-v0.1,P2-v0.1
160551_5-160551-A-42_w001,ESC-50,160551,5-160551-A-42.wav,siren,SIREN,train,5,A,1,16000,48000,1.0,3.0,5.0,features/mfcc/train/SIREN/160551_5-160551-A-42_w001.npy,features/log_mel/train/SIREN/160551_5-160551-A-42_w001.npy,"[13, 197]","[64, 197]",16000,2.0,1.0,P3-v0.1,P2-v0.1
160551_5-160551-A-42_w002,ESC-50,160551,5-160551-A-42.wav,siren,SIREN,train,5,A,2,32000,64000,2.0,4.0,5.0,features/mfcc/train/SIREN/160551_5-160551-A-42_w002.npy,features/log_mel/train/SIREN/160551_5-160551-A-42_w002.npy,"[13, 197]","[64, 197]",16000,2.0,1.0,P3-v0.1,P2-v0.1
160551_5-160551-A-42_w003,ESC-50,160551,5-160551-A-42.wav,siren,SIREN,train,5,A,3,48000,80000,3.0,5.0,5.0,features/mfcc/train/SIREN/160551_5-160551-A-42_w003.npy,features/log_mel/train/SIREN/160551_5-160551-A-42_w003.npy,"[13, 197]","[64, 197]",16000,2.0,1.0,P3-v0.1,P2-v0.1
184323_5-184323-A-42_w000,ESC-50,184323,5-184323-A-42.wav,siren,SIREN,train,5,A,0,0,32000,0.0,2.0,5.0,features/mfcc/train/SIREN/184323_5-184323-A-42_w000.npy,features/log_mel/train/SIREN/184323_5-184323-A-42_w000.npy,"[13, 197]","[64, 197]",16000,2.0,1.0,P3-v0.1,P2-v0.1
184323_5-184323-A-42_w001,ESC-50,184323,5-184323-A-42.wav,siren,SIREN,train,5,A,1,16000,48000,1.0,3.0,5.0,features/mfcc/train/SIREN/184323_5-184323-A-42_w001.npy,features/log_mel/train/SIREN/184323_5-184323-A-42_w001.npy,"[13, 197]","[64, 197]",16000,2.0,1.0,P3-v0.1,P2-v0.1
184323_5-184323-A-42_w002,ESC-50,184323,5-184323-A-42.wav,siren,SIREN,train,5,A,2,32000,64000,2.0,4.0,5.0,features/mfcc/train/SIREN/184323_5-184323-A-42_w002.npy,features/log_mel/train/SIREN/184323_5-184323-A-42_w002.npy,"[13, 197]","[64, 197]",16000,2.0,1.0,P3-v0.1,P2-v0.1
184323_5-184323-A-42_w003,ESC-50,184323,5-184323-A-42.wav,siren,SIREN,train,5,A,3,48000,80000,3.0,5.0,5.0,features/mfcc/train/SIREN/184323_5-184323-A-42_w003.npy,features/log_mel/train/SIREN/184323_5-184323-A-42_w003.npy,"[13, 197]","[64, 197]",16000,2.0,1.0,P3-v0.1,P2-v0.1
47709_1-47709-A-16_w000,ESC-50,47709,1-47709-A-16.wav,wind,WIND,train,1,A,0,0,32000,0.0,2.0,5.0,features/mfcc/train/WIND/47709_1-47709-A-16_w000.npy,features/log_mel/train/WIND/47709_1-47709-A-16_w000.npy,"[13, 197]","[64, 197]",16000,2.0,1.0,P3-v0.1,P2-v0.1
47709_1-47709-A-16_w001,ESC-50,47709,1-47709-A-16.wav,wind,WIND,train,1,A,1,16000,48000,1.0,3.0,5.0,features/mfcc/train/WIND/47709_1-47709-A-16_w001.npy,features/log_mel/train/WIND/47709_1-47709-A-16_w001.npy,"[13, 197]","[64, 197]",16000,2.0,1.0,P3-v0.1,P2-v0.1
47709_1-47709-A-16_w002,ESC-50,47709,1-47709-A-16.wav,wind,WIND,train,1,A,2,32000,64000,2.0,4.0,5.0,features/mfcc/train/WIND/47709_1-47709-A-16_w002.npy,features/log_mel/train/WIND/47709_1-47709-A-16_w002.npy,"[13, 197]","[64, 197]",16000,2.0,1.0,P3-v0.1,P2-v0.1
47709_1-47709-A-16_w003,ESC-50,47709,1-47709-A-16.wav,wind,WIND,train,1,A,3,48000,80000,3.0,5.0,5.0,features/mfcc/train/WIND/47709_1-47709-A-16_w003.npy,features/log_mel/train/WIND/47709_1-47709-A-16_w003.npy,"[13, 197]","[64, 197]",16000,2.0,1.0,P3-v0.1,P2-v0.1
51036_1-51036-A-16_w000,ESC-50,51036,1-51036-A-16.wav,wind,WIND,train,1,A,0,0,32000,0.0,2.0,5.0,features/mfcc/train/WIND/51036_1-51036-A-16_w000.npy,features/log_mel/train/WIND/51036_1-51036-A-16_w000.npy,"[13, 197]","[64, 197]",16000,2.0,1.0,P3-v0.1,P2-v0.1
51036_1-51036-A-16_w001,ESC-50,51036,1-51036-A-16.wav,wind,WIND,train,1,A,1,16000,48000,1.0,3.0,5.0,features/mfcc/train/WIND/51036_1-51036-A-16_w001.npy,features/log_mel/train/WIND/51036_1-51036-A-16_w001.npy,"[13, 197]","[64, 197]",16000,2.0,1.0,P3-v0.1,P2-v0.1
51036_1-51036-A-16_w002,ESC-50,51036,1-51036-A-16.wav,wind,WIND,train,1,A,2,32000,64000,2.0,4.0,5.0,features/mfcc/train/WIND/51036_1-51036-A-16_w002.npy,features/log_mel/train/WIND/51036_1-51036-A-16_w002.npy,"[13, 197]","[64, 197]",16000,2.0,1.0,P3-v0.1,P2-v0.1
51036_1-51036-A-16_w003,ESC-50,51036,1-51036-A-16.wav,wind,WIND,train,1,A,3,48000,80000,3.0,5.0,5.0,features/mfcc/train/WIND/51036_1-51036-A-16_w003.npy,features/log_mel/train/WIND/51036_1-51036-A-16_w003.npy,"[13, 197]","[64, 197]",16000,2.0,1.0,P3-v0.1,P2-v0.1
69760_1-69760-A-16_w000,ESC-50,69760,1-69760-A-16.wav,wind,WIND,train,1,A,0,0,32000,0.0,2.0,5.0,features/mfcc/train/WIND/69760_1-69760-A-16_w000.npy,features/log_mel/train/WIND/69760_1-69760-A-16_w000.npy,"[13, 197]","[64, 197]",16000,2.0,1.0,P3-v0.1,P2-v0.1
69760_1-69760-A-16_w001,ESC-50,69760,1-69760-A-16.wav,wind,WIND,train,1,A,1,16000,48000,1.0,3.0,5.0,features/mfcc/train/WIND/69760_1-69760-A-16_w001.npy,features/log_mel/train/WIND/69760_1-69760-A-16_w001.npy,"[13, 197]","[64, 197]",16000,2.0,1.0,P3-v0.1,P2-v0.1
69760_1-69760-A-16_w002,ESC-50,69760,1-69760-A-16.wav,wind,WIND,train,1,A,2,32000,64000,2.0,4.0,5.0,features/mfcc/train/WIND/69760_1-69760-A-16_w002.npy,features/log_mel/train/WIND/69760_1-69760-A-16_w002.npy,"[13, 197]","[64, 197]",16000,2.0,1.0,P3-v0.1,P2-v0.1
69760_1-69760-A-16_w003,ESC-50,69760,1-69760-A-16.wav,wind,WIND,train,1,A,3,48000,80000,3.0,5.0,5.0,features/mfcc/train/WIND/69760_1-69760-A-16_w003.npy,features/log_mel/train/WIND/69760_1-69760-A-16_w003.npy,"[13, 197]","[64, 197]",16000,2.0,1.0,P3-v0.1,P2-v0.1
104952_2-104952-A-16_w000,ESC-50,104952,2-104952-A-16.wav,wind,WIND,train,2,A,0,0,32000,0.0,2.0,5.0,features/mfcc/train/WIND/104952_2-104952-A-16_w000.npy,features/log_mel/train/WIND/104952_2-104952-A-16_w000.npy,"[13, 197]","[64, 197]",16000,2.0,1.0,P3-v0.1,P2-v0.1
104952_2-104952-A-16_w001,ESC-50,104952,2-104952-A-16.wav,wind,WIND,train,2,A,1,16000,48000,1.0,3.0,5.0,features/mfcc/train/WIND/104952_2-104952-A-16_w001.npy,features/log_mel/train/WIND/104952_2-104952-A-16_w001.npy,"[13, 197]","[64, 197]",16000,2.0,1.0,P3-v0.1,P2-v0.1
104952_2-104952-A-16_w002,ESC-50,104952,2-104952-A-16.wav,wind,WIND,train,2,A,2,32000,64000,2.0,4.0,5.0,features/mfcc/train/WIND/104952_2-104952-A-16_w002.npy,features/log_mel/train/WIND/104952_2-104952-A-16_w002.npy,"[13, 197]","[64, 197]",16000,2.0,1.0,P3-v0.1,P2-v0.1
104952_2-104952-A-16_w003,ESC-50,104952,2-104952-A-16.wav,wind,WIND,train,2,A,3,48000,80000,3.0,5.0,5.0,features/mfcc/train/WIND/104952_2-104952-A-16_w003.npy,features/log_mel/train/WIND/104952_2-104952-A-16_w003.npy,"[13, 197]","[64, 197]",16000,2.0,1.0,P3-v0.1,P2-v0.1
104952_2-104952-B-16_w000,ESC-50,104952,2-104952-B-16.wav,wind,WIND,train,2,B,0,0,32000,0.0,2.0,5.0,features/mfcc/train/WIND/104952_2-104952-B-16_w000.npy,features/log_mel/train/WIND/104952_2-104952-B-16_w000.npy,"[13, 197]","[64, 197]",16000,2.0,1.0,P3-v0.1,P2-v0.1
104952_2-104952-B-16_w001,ESC-50,104952,2-104952-B-16.wav,wind,WIND,train,2,B,1,16000,48000,1.0,3.0,5.0,features/mfcc/train/WIND/104952_2-104952-B-16_w001.npy,features/log_mel/train/WIND/104952_2-104952-B-16_w001.npy,"[13, 197]","[64, 197]",16000,2.0,1.0,P3-v0.1,P2-v0.1
104952_2-104952-B-16_w002,ESC-50,104952,2-104952-B-16.wav,wind,WIND,train,2,B,2,32000,64000,2.0,4.0,5.0,features/mfcc/train/WIND/104952_2-104952-B-16_w002.npy,features/log_mel/train/WIND/104952_2-104952-B-16_w002.npy,"[13, 197]","[64, 197]",16000,2.0,1.0,P3-v0.1,P2-v0.1
104952_2-104952-B-16_w003,ESC-50,104952,2-104952-B-16.wav,wind,WIND,train,2,B,3,48000,80000,3.0,5.0,5.0,features/mfcc/train/WIND/104952_2-104952-B-16_w003.npy,features/log_mel/train/WIND/104952_2-104952-B-16_w003.npy,"[13, 197]","[64, 197]",16000,2.0,1.0,P3-v0.1,P2-v0.1
109371_2-109371-A-16_w000,ESC-50,109371,2-109371-A-16.wav,wind,WIND,train,2,A,0,0,32000,0.0,2.0,5.0,features/mfcc/train/WIND/109371_2-109371-A-16_w000.npy,features/log_mel/train/WIND/109371_2-109371-A-16_w000.npy,"[13, 197]","[64, 197]",16000,2.0,1.0,P3-v0.1,P2-v0.1
109371_2-109371-A-16_w001,ESC-50,109371,2-109371-A-16.wav,wind,WIND,train,2,A,1,16000,48000,1.0,3.0,5.0,features/mfcc/train/WIND/109371_2-109371-A-16_w001.npy,features/log_mel/train/WIND/109371_2-109371-A-16_w001.npy,"[13, 197]","[64, 197]",16000,2.0,1.0,P3-v0.1,P2-v0.1
109371_2-109371-A-16_w002,ESC-50,109371,2-109371-A-16.wav,wind,WIND,train,2,A,2,32000,64000,2.0,4.0,5.0,features/mfcc/train/WIND/109371_2-109371-A-16_w002.npy,features/log_mel/train/WIND/109371_2-109371-A-16_w002.npy,"[13, 197]","[64, 197]",16000,2.0,1.0,P3-v0.1,P2-v0.1
109371_2-109371-A-16_w003,ESC-50,109371,2-109371-A-16.wav,wind,WIND,train,2,A,3,48000,80000,3.0,5.0,5.0,features/mfcc/train/WIND/109371_2-109371-A-16_w003.npy,features/log_mel/train/WIND/109371_2-109371-A-16_w003.npy,"[13, 197]","[64, 197]",16000,2.0,1.0,P3-v0.1,P2-v0.1
109371_2-109371-B-16_w000,ESC-50,109371,2-109371-B-16.wav,wind,WIND,train,2,B,0,0,32000,0.0,2.0,5.0,features/mfcc/train/WIND/109371_2-109371-B-16_w000.npy,features/log_mel/train/WIND/109371_2-109371-B-16_w000.npy,"[13, 197]","[64, 197]",16000,2.0,1.0,P3-v0.1,P2-v0.1
109371_2-109371-B-16_w001,ESC-50,109371,2-109371-B-16.wav,wind,WIND,train,2,B,1,16000,48000,1.0,3.0,5.0,features/mfcc/train/WIND/109371_2-109371-B-16_w001.npy,features/log_mel/train/WIND/109371_2-109371-B-16_w001.npy,"[13, 197]","[64, 197]",16000,2.0,1.0,P3-v0.1,P2-v0.1
109371_2-109371-B-16_w002,ESC-50,109371,2-109371-B-16.wav,wind,WIND,train,2,B,2,32000,64000,2.0,4.0,5.0,features/mfcc/train/WIND/109371_2-109371-B-16_w002.npy,features/log_mel/train/WIND/109371_2-109371-B-16_w002.npy,"[13, 197]","[64, 197]",16000,2.0,1.0,P3-v0.1,P2-v0.1
109371_2-109371-B-16_w003,ESC-50,109371,2-109371-B-16.wav,wind,WIND,train,2,B,3,48000,80000,3.0,5.0,5.0,features/mfcc/train/WIND/109371_2-109371-B-16_w003.npy,features/log_mel/train/WIND/109371_2-109371-B-16_w003.npy,"[13, 197]","[64, 197]",16000,2.0,1.0,P3-v0.1,P2-v0.1
109371_2-109371-C-16_w000,ESC-50,109371,2-109371-C-16.wav,wind,WIND,train,2,C,0,0,32000,0.0,2.0,5.0,features/mfcc/train/WIND/109371_2-109371-C-16_w000.npy,features/log_mel/train/WIND/109371_2-109371-C-16_w000.npy,"[13, 197]","[64, 197]",16000,2.0,1.0,P3-v0.1,P2-v0.1
109371_2-109371-C-16_w001,ESC-50,109371,2-109371-C-16.wav,wind,WIND,train,2,C,1,16000,48000,1.0,3.0,5.0,features/mfcc/train/WIND/109371_2-109371-C-16_w001.npy,features/log_mel/train/WIND/109371_2-109371-C-16_w001.npy,"[13, 197]","[64, 197]",16000,2.0,1.0,P3-v0.1,P2-v0.1
109371_2-109371-C-16_w002,ESC-50,109371,2-109371-C-16.wav,wind,WIND,train,2,C,2,32000,64000,2.0,4.0,5.0,features/mfcc/train/WIND/109371_2-109371-C-16_w002.npy,features/log_mel/train/WIND/109371_2-109371-C-16_w002.npy,"[13, 197]","[64, 197]",16000,2.0,1.0,P3-v0.1,P2-v0.1
109371_2-109371-C-16_w003,ESC-50,109371,2-109371-C-16.wav,wind,WIND,train,2,C,3,48000,80000,3.0,5.0,5.0,features/mfcc/train/WIND/109371_2-109371-C-16_w003.npy,features/log_mel/train/WIND/109371_2-109371-C-16_w003.npy,"[13, 197]","[64, 197]",16000,2.0,1.0,P3-v0.1,P2-v0.1
109371_2-109371-D-16_w000,ESC-50,109371,2-109371-D-16.wav,wind,WIND,train,2,D,0,0,32000,0.0,2.0,5.0,features/mfcc/train/WIND/109371_2-109371-D-16_w000.npy,features/log_mel/train/WIND/109371_2-109371-D-16_w000.npy,"[13, 197]","[64, 197]",16000,2.0,1.0,P3-v0.1,P2-v0.1
109371_2-109371-D-16_w001,ESC-50,109371,2-109371-D-16.wav,wind,WIND,train,2,D,1,16000,48000,1.0,3.0,5.0,features/mfcc/train/WIND/109371_2-109371-D-16_w001.npy,features/log_mel/train/WIND/109371_2-109371-D-16_w001.npy,"[13, 197]","[64, 197]",16000,2.0,1.0,P3-v0.1,P2-v0.1
109371_2-109371-D-16_w002,ESC-50,109371,2-109371-D-16.wav,wind,WIND,train,2,D,2,32000,64000,2.0,4.0,5.0,features/mfcc/train/WIND/109371_2-109371-D-16_w002.npy,features/log_mel/train/WIND/109371_2-109371-D-16_w002.npy,"[13, 197]","[64, 197]",16000,2.0,1.0,P3-v0.1,P2-v0.1
109371_2-109371-D-16_w003,ESC-50,109371,2-109371-D-16.wav,wind,WIND,train,2,D,3,48000,80000,3.0,5.0,5.0,features/mfcc/train/WIND/109371_2-109371-D-16_w003.npy,features/log_mel/train/WIND/109371_2-109371-D-16_w003.npy,"[13, 197]","[64, 197]",16000,2.0,1.0,P3-v0.1,P2-v0.1
109374_2-109374-A-16_w000,ESC-50,109374,2-109374-A-16.wav,wind,WIND,train,2,A,0,0,32000,0.0,2.0,5.0,features/mfcc/train/WIND/109374_2-109374-A-16_w000.npy,features/log_mel/train/WIND/109374_2-109374-A-16_w000.npy,"[13, 197]","[64, 197]",16000,2.0,1.0,P3-v0.1,P2-v0.1
109374_2-109374-A-16_w001,ESC-50,109374,2-109374-A-16.wav,wind,WIND,train,2,A,1,16000,48000,1.0,3.0,5.0,features/mfcc/train/WIND/109374_2-109374-A-16_w001.npy,features/log_mel/train/WIND/109374_2-109374-A-16_w001.npy,"[13, 197]","[64, 197]",16000,2.0,1.0,P3-v0.1,P2-v0.1
109374_2-109374-A-16_w002,ESC-50,109374,2-109374-A-16.wav,wind,WIND,train,2,A,2,32000,64000,2.0,4.0,5.0,features/mfcc/train/WIND/109374_2-109374-A-16_w002.npy,features/log_mel/train/WIND/109374_2-109374-A-16_w002.npy,"[13, 197]","[64, 197]",16000,2.0,1.0,P3-v0.1,P2-v0.1
109374_2-109374-A-16_w003,ESC-50,109374,2-109374-A-16.wav,wind,WIND,train,2,A,3,48000,80000,3.0,5.0,5.0,features/mfcc/train/WIND/109374_2-109374-A-16_w003.npy,features/log_mel/train/WIND/109374_2-109374-A-16_w003.npy,"[13, 197]","[64, 197]",16000,2.0,1.0,P3-v0.1,P2-v0.1
117504_3-117504-A-16_w000,ESC-50,117504,3-117504-A-16.wav,wind,WIND,train,3,A,0,0,32000,0.0,2.0,5.0,features/mfcc/train/WIND/117504_3-117504-A-16_w000.npy,features/log_mel/train/WIND/117504_3-117504-A-16_w000.npy,"[13, 197]","[64, 197]",16000,2.0,1.0,P3-v0.1,P2-v0.1
117504_3-117504-A-16_w001,ESC-50,117504,3-117504-A-16.wav,wind,WIND,train,3,A,1,16000,48000,1.0,3.0,5.0,features/mfcc/train/WIND/117504_3-117504-A-16_w001.npy,features/log_mel/train/WIND/117504_3-117504-A-16_w001.npy,"[13, 197]","[64, 197]",16000,2.0,1.0,P3-v0.1,P2-v0.1
117504_3-117504-A-16_w002,ESC-50,117504,3-117504-A-16.wav,wind,WIND,train,3,A,2,32000,64000,2.0,4.0,5.0,features/mfcc/train/WIND/117504_3-117504-A-16_w002.npy,features/log_mel/train/WIND/117504_3-117504-A-16_w002.npy,"[13, 197]","[64, 197]",16000,2.0,1.0,P3-v0.1,P2-v0.1
117504_3-117504-A-16_w003,ESC-50,117504,3-117504-A-16.wav,wind,WIND,train,3,A,3,48000,80000,3.0,5.0,5.0,features/mfcc/train/WIND/117504_3-117504-A-16_w003.npy,features/log_mel/train/WIND/117504_3-117504-A-16_w003.npy,"[13, 197]","[64, 197]",16000,2.0,1.0,P3-v0.1,P2-v0.1
117504_3-117504-B-16_w000,ESC-50,117504,3-117504-B-16.wav,wind,WIND,train,3,B,0,0,32000,0.0,2.0,5.0,features/mfcc/train/WIND/117504_3-117504-B-16_w000.npy,features/log_mel/train/WIND/117504_3-117504-B-16_w000.npy,"[13, 197]","[64, 197]",16000,2.0,1.0,P3-v0.1,P2-v0.1
117504_3-117504-B-16_w001,ESC-50,117504,3-117504-B-16.wav,wind,WIND,train,3,B,1,16000,48000,1.0,3.0,5.0,features/mfcc/train/WIND/117504_3-117504-B-16_w001.npy,features/log_mel/train/WIND/117504_3-117504-B-16_w001.npy,"[13, 197]","[64, 197]",16000,2.0,1.0,P3-v0.1,P2-v0.1
117504_3-117504-B-16_w002,ESC-50,117504,3-117504-B-16.wav,wind,WIND,train,3,B,2,32000,64000,2.0,4.0,5.0,features/mfcc/train/WIND/117504_3-117504-B-16_w002.npy,features/log_mel/train/WIND/117504_3-117504-B-16_w002.npy,"[13, 197]","[64, 197]",16000,2.0,1.0,P3-v0.1,P2-v0.1
117504_3-117504-B-16_w003,ESC-50,117504,3-117504-B-16.wav,wind,WIND,train,3,B,3,48000,80000,3.0,5.0,5.0,features/mfcc/train/WIND/117504_3-117504-B-16_w003.npy,features/log_mel/train/WIND/117504_3-117504-B-16_w003.npy,"[13, 197]","[64, 197]",16000,2.0,1.0,P3-v0.1,P2-v0.1
134699_3-134699-A-16_w000,ESC-50,134699,3-134699-A-16.wav,wind,WIND,train,3,A,0,0,32000,0.0,2.0,5.0,features/mfcc/train/WIND/134699_3-134699-A-16_w000.npy,features/log_mel/train/WIND/134699_3-134699-A-16_w000.npy,"[13, 197]","[64, 197]",16000,2.0,1.0,P3-v0.1,P2-v0.1
134699_3-134699-A-16_w001,ESC-50,134699,3-134699-A-16.wav,wind,WIND,train,3,A,1,16000,48000,1.0,3.0,5.0,features/mfcc/train/WIND/134699_3-134699-A-16_w001.npy,features/log_mel/train/WIND/134699_3-134699-A-16_w001.npy,"[13, 197]","[64, 197]",16000,2.0,1.0,P3-v0.1,P2-v0.1
134699_3-134699-A-16_w002,ESC-50,134699,3-134699-A-16.wav,wind,WIND,train,3,A,2,32000,64000,2.0,4.0,5.0,features/mfcc/train/WIND/134699_3-134699-A-16_w002.npy,features/log_mel/train/WIND/134699_3-134699-A-16_w002.npy,"[13, 197]","[64, 197]",16000,2.0,1.0,P3-v0.1,P2-v0.1
134699_3-134699-A-16_w003,ESC-50,134699,3-134699-A-16.wav,wind,WIND,train,3,A,3,48000,80000,3.0,5.0,5.0,features/mfcc/train/WIND/134699_3-134699-A-16_w003.npy,features/log_mel/train/WIND/134699_3-134699-A-16_w003.npy,"[13, 197]","[64, 197]",16000,2.0,1.0,P3-v0.1,P2-v0.1
134699_3-134699-B-16_w000,ESC-50,134699,3-134699-B-16.wav,wind,WIND,train,3,B,0,0,32000,0.0,2.0,5.0,features/mfcc/train/WIND/134699_3-134699-B-16_w000.npy,features/log_mel/train/WIND/134699_3-134699-B-16_w000.npy,"[13, 197]","[64, 197]",16000,2.0,1.0,P3-v0.1,P2-v0.1
134699_3-134699-B-16_w001,ESC-50,134699,3-134699-B-16.wav,wind,WIND,train,3,B,1,16000,48000,1.0,3.0,5.0,features/mfcc/train/WIND/134699_3-134699-B-16_w001.npy,features/log_mel/train/WIND/134699_3-134699-B-16_w001.npy,"[13, 197]","[64, 197]",16000,2.0,1.0,P3-v0.1,P2-v0.1
134699_3-134699-B-16_w002,ESC-50,134699,3-134699-B-16.wav,wind,WIND,train,3,B,2,32000,64000,2.0,4.0,5.0,features/mfcc/train/WIND/134699_3-134699-B-16_w002.npy,features/log_mel/train/WIND/134699_3-134699-B-16_w002.npy,"[13, 197]","[64, 197]",16000,2.0,1.0,P3-v0.1,P2-v0.1
134699_3-134699-B-16_w003,ESC-50,134699,3-134699-B-16.wav,wind,WIND,train,3,B,3,48000,80000,3.0,5.0,5.0,features/mfcc/train/WIND/134699_3-134699-B-16_w003.npy,features/log_mel/train/WIND/134699_3-134699-B-16_w003.npy,"[13, 197]","[64, 197]",16000,2.0,1.0,P3-v0.1,P2-v0.1
134699_3-134699-C-16_w000,ESC-50,134699,3-134699-C-16.wav,wind,WIND,train,3,C,0,0,32000,0.0,2.0,5.0,features/mfcc/train/WIND/134699_3-134699-C-16_w000.npy,features/log_mel/train/WIND/134699_3-134699-C-16_w000.npy,"[13, 197]","[64, 197]",16000,2.0,1.0,P3-v0.1,P2-v0.1
134699_3-134699-C-16_w001,ESC-50,134699,3-134699-C-16.wav,wind,WIND,train,3,C,1,16000,48000,1.0,3.0,5.0,features/mfcc/train/WIND/134699_3-134699-C-16_w001.npy,features/log_mel/train/WIND/134699_3-134699-C-16_w001.npy,"[13, 197]","[64, 197]",16000,2.0,1.0,P3-v0.1,P2-v0.1
134699_3-134699-C-16_w002,ESC-50,134699,3-134699-C-16.wav,wind,WIND,train,3,C,2,32000,64000,2.0,4.0,5.0,features/mfcc/train/WIND/134699_3-134699-C-16_w002.npy,features/log_mel/train/WIND/134699_3-134699-C-16_w002.npy,"[13, 197]","[64, 197]",16000,2.0,1.0,P3-v0.1,P2-v0.1
134699_3-134699-C-16_w003,ESC-50,134699,3-134699-C-16.wav,wind,WIND,train,3,C,3,48000,80000,3.0,5.0,5.0,features/mfcc/train/WIND/134699_3-134699-C-16_w003.npy,features/log_mel/train/WIND/134699_3-134699-C-16_w003.npy,"[13, 197]","[64, 197]",16000,2.0,1.0,P3-v0.1,P2-v0.1
137296_1-137296-A-16_w000,ESC-50,137296,1-137296-A-16.wav,wind,WIND,train,1,A,0,0,32000,0.0,2.0,5.0,features/mfcc/train/WIND/137296_1-137296-A-16_w000.npy,features/log_mel/train/WIND/137296_1-137296-A-16_w000.npy,"[13, 197]","[64, 197]",16000,2.0,1.0,P3-v0.1,P2-v0.1
137296_1-137296-A-16_w001,ESC-50,137296,1-137296-A-16.wav,wind,WIND,train,1,A,1,16000,48000,1.0,3.0,5.0,features/mfcc/train/WIND/137296_1-137296-A-16_w001.npy,features/log_mel/train/WIND/137296_1-137296-A-16_w001.npy,"[13, 197]","[64, 197]",16000,2.0,1.0,P3-v0.1,P2-v0.1
137296_1-137296-A-16_w002,ESC-50,137296,1-137296-A-16.wav,wind,WIND,train,1,A,2,32000,64000,2.0,4.0,5.0,features/mfcc/train/WIND/137296_1-137296-A-16_w002.npy,features/log_mel/train/WIND/137296_1-137296-A-16_w002.npy,"[13, 197]","[64, 197]",16000,2.0,1.0,P3-v0.1,P2-v0.1
137296_1-137296-A-16_w003,ESC-50,137296,1-137296-A-16.wav,wind,WIND,train,1,A,3,48000,80000,3.0,5.0,5.0,features/mfcc/train/WIND/137296_1-137296-A-16_w003.npy,features/log_mel/train/WIND/137296_1-137296-A-16_w003.npy,"[13, 197]","[64, 197]",16000,2.0,1.0,P3-v0.1,P2-v0.1
144085_4-144085-A-16_w000,ESC-50,144085,4-144085-A-16.wav,wind,WIND,train,4,A,0,0,32000,0.0,2.0,5.0,features/mfcc/train/WIND/144085_4-144085-A-16_w000.npy,features/log_mel/train/WIND/144085_4-144085-A-16_w000.npy,"[13, 197]","[64, 197]",16000,2.0,1.0,P3-v0.1,P2-v0.1
144085_4-144085-A-16_w001,ESC-50,144085,4-144085-A-16.wav,wind,WIND,train,4,A,1,16000,48000,1.0,3.0,5.0,features/mfcc/train/WIND/144085_4-144085-A-16_w001.npy,features/log_mel/train/WIND/144085_4-144085-A-16_w001.npy,"[13, 197]","[64, 197]",16000,2.0,1.0,P3-v0.1,P2-v0.1
144085_4-144085-A-16_w002,ESC-50,144085,4-144085-A-16.wav,wind,WIND,train,4,A,2,32000,64000,2.0,4.0,5.0,features/mfcc/train/WIND/144085_4-144085-A-16_w002.npy,features/log_mel/train/WIND/144085_4-144085-A-16_w002.npy,"[13, 197]","[64, 197]",16000,2.0,1.0,P3-v0.1,P2-v0.1
144085_4-144085-A-16_w003,ESC-50,144085,4-144085-A-16.wav,wind,WIND,train,4,A,3,48000,80000,3.0,5.0,5.0,features/mfcc/train/WIND/144085_4-144085-A-16_w003.npy,features/log_mel/train/WIND/144085_4-144085-A-16_w003.npy,"[13, 197]","[64, 197]",16000,2.0,1.0,P3-v0.1,P2-v0.1
157204_5-157204-A-16_w000,ESC-50,157204,5-157204-A-16.wav,wind,WIND,train,5,A,0,0,32000,0.0,2.0,5.0,features/mfcc/train/WIND/157204_5-157204-A-16_w000.npy,features/log_mel/train/WIND/157204_5-157204-A-16_w000.npy,"[13, 197]","[64, 197]",16000,2.0,1.0,P3-v0.1,P2-v0.1
157204_5-157204-A-16_w001,ESC-50,157204,5-157204-A-16.wav,wind,WIND,train,5,A,1,16000,48000,1.0,3.0,5.0,features/mfcc/train/WIND/157204_5-157204-A-16_w001.npy,features/log_mel/train/WIND/157204_5-157204-A-16_w001.npy,"[13, 197]","[64, 197]",16000,2.0,1.0,P3-v0.1,P2-v0.1
157204_5-157204-A-16_w002,ESC-50,157204,5-157204-A-16.wav,wind,WIND,train,5,A,2,32000,64000,2.0,4.0,5.0,features/mfcc/train/WIND/157204_5-157204-A-16_w002.npy,features/log_mel/train/WIND/157204_5-157204-A-16_w002.npy,"[13, 197]","[64, 197]",16000,2.0,1.0,P3-v0.1,P2-v0.1
157204_5-157204-A-16_w003,ESC-50,157204,5-157204-A-16.wav,wind,WIND,train,5,A,3,48000,80000,3.0,5.0,5.0,features/mfcc/train/WIND/157204_5-157204-A-16_w003.npy,features/log_mel/train/WIND/157204_5-157204-A-16_w003.npy,"[13, 197]","[64, 197]",16000,2.0,1.0,P3-v0.1,P2-v0.1
157204_5-157204-B-16_w000,ESC-50,157204,5-157204-B-16.wav,wind,WIND,train,5,B,0,0,32000,0.0,2.0,5.0,features/mfcc/train/WIND/157204_5-157204-B-16_w000.npy,features/log_mel/train/WIND/157204_5-157204-B-16_w000.npy,"[13, 197]","[64, 197]",16000,2.0,1.0,P3-v0.1,P2-v0.1
157204_5-157204-B-16_w001,ESC-50,157204,5-157204-B-16.wav,wind,WIND,train,5,B,1,16000,48000,1.0,3.0,5.0,features/mfcc/train/WIND/157204_5-157204-B-16_w001.npy,features/log_mel/train/WIND/157204_5-157204-B-16_w001.npy,"[13, 197]","[64, 197]",16000,2.0,1.0,P3-v0.1,P2-v0.1
157204_5-157204-B-16_w002,ESC-50,157204,5-157204-B-16.wav,wind,WIND,train,5,B,2,32000,64000,2.0,4.0,5.0,features/mfcc/train/WIND/157204_5-157204-B-16_w002.npy,features/log_mel/train/WIND/157204_5-157204-B-16_w002.npy,"[13, 197]","[64, 197]",16000,2.0,1.0,P3-v0.1,P2-v0.1
157204_5-157204-B-16_w003,ESC-50,157204,5-157204-B-16.wav,wind,WIND,train,5,B,3,48000,80000,3.0,5.0,5.0,features/mfcc/train/WIND/157204_5-157204-B-16_w003.npy,features/log_mel/train/WIND/157204_5-157204-B-16_w003.npy,"[13, 197]","[64, 197]",16000,2.0,1.0,P3-v0.1,P2-v0.1
163606_4-163606-A-16_w000,ESC-50,163606,4-163606-A-16.wav,wind,WIND,train,4,A,0,0,32000,0.0,2.0,5.0,features/mfcc/train/WIND/163606_4-163606-A-16_w000.npy,features/log_mel/train/WIND/163606_4-163606-A-16_w000.npy,"[13, 197]","[64, 197]",16000,2.0,1.0,P3-v0.1,P2-v0.1
163606_4-163606-A-16_w001,ESC-50,163606,4-163606-A-16.wav,wind,WIND,train,4,A,1,16000,48000,1.0,3.0,5.0,features/mfcc/train/WIND/163606_4-163606-A-16_w001.npy,features/log_mel/train/WIND/163606_4-163606-A-16_w001.npy,"[13, 197]","[64, 197]",16000,2.0,1.0,P3-v0.1,P2-v0.1
163606_4-163606-A-16_w002,ESC-50,163606,4-163606-A-16.wav,wind,WIND,train,4,A,2,32000,64000,2.0,4.0,5.0,features/mfcc/train/WIND/163606_4-163606-A-16_w002.npy,features/log_mel/train/WIND/163606_4-163606-A-16_w002.npy,"[13, 197]","[64, 197]",16000,2.0,1.0,P3-v0.1,P2-v0.1
163606_4-163606-A-16_w003,ESC-50,163606,4-163606-A-16.wav,wind,WIND,train,4,A,3,48000,80000,3.0,5.0,5.0,features/mfcc/train/WIND/163606_4-163606-A-16_w003.npy,features/log_mel/train/WIND/163606_4-163606-A-16_w003.npy,"[13, 197]","[64, 197]",16000,2.0,1.0,P3-v0.1,P2-v0.1
163608_4-163608-B-16_w000,ESC-50,163608,4-163608-B-16.wav,wind,WIND,train,4,B,0,0,32000,0.0,2.0,5.0,features/mfcc/train/WIND/163608_4-163608-B-16_w000.npy,features/log_mel/train/WIND/163608_4-163608-B-16_w000.npy,"[13, 197]","[64, 197]",16000,2.0,1.0,P3-v0.1,P2-v0.1
163608_4-163608-B-16_w001,ESC-50,163608,4-163608-B-16.wav,wind,WIND,train,4,B,1,16000,48000,1.0,3.0,5.0,features/mfcc/train/WIND/163608_4-163608-B-16_w001.npy,features/log_mel/train/WIND/163608_4-163608-B-16_w001.npy,"[13, 197]","[64, 197]",16000,2.0,1.0,P3-v0.1,P2-v0.1
163608_4-163608-B-16_w002,ESC-50,163608,4-163608-B-16.wav,wind,WIND,train,4,B,2,32000,64000,2.0,4.0,5.0,features/mfcc/train/WIND/163608_4-163608-B-16_w002.npy,features/log_mel/train/WIND/163608_4-163608-B-16_w002.npy,"[13, 197]","[64, 197]",16000,2.0,1.0,P3-v0.1,P2-v0.1
163608_4-163608-B-16_w003,ESC-50,163608,4-163608-B-16.wav,wind,WIND,train,4,B,3,48000,80000,3.0,5.0,5.0,features/mfcc/train/WIND/163608_4-163608-B-16_w003.npy,features/log_mel/train/WIND/163608_4-163608-B-16_w003.npy,"[13, 197]","[64, 197]",16000,2.0,1.0,P3-v0.1,P2-v0.1
163609_4-163609-A-16_w000,ESC-50,163609,4-163609-A-16.wav,wind,WIND,train,4,A,0,0,32000,0.0,2.0,5.0,features/mfcc/train/WIND/163609_4-163609-A-16_w000.npy,features/log_mel/train/WIND/163609_4-163609-A-16_w000.npy,"[13, 197]","[64, 197]",16000,2.0,1.0,P3-v0.1,P2-v0.1
163609_4-163609-A-16_w001,ESC-50,163609,4-163609-A-16.wav,wind,WIND,train,4,A,1,16000,48000,1.0,3.0,5.0,features/mfcc/train/WIND/163609_4-163609-A-16_w001.npy,features/log_mel/train/WIND/163609_4-163609-A-16_w001.npy,"[13, 197]","[64, 197]",16000,2.0,1.0,P3-v0.1,P2-v0.1
163609_4-163609-A-16_w002,ESC-50,163609,4-163609-A-16.wav,wind,WIND,train,4,A,2,32000,64000,2.0,4.0,5.0,features/mfcc/train/WIND/163609_4-163609-A-16_w002.npy,features/log_mel/train/WIND/163609_4-163609-A-16_w002.npy,"[13, 197]","[64, 197]",16000,2.0,1.0,P3-v0.1,P2-v0.1
163609_4-163609-A-16_w003,ESC-50,163609,4-163609-A-16.wav,wind,WIND,train,4,A,3,48000,80000,3.0,5.0,5.0,features/mfcc/train/WIND/163609_4-163609-A-16_w003.npy,features/log_mel/train/WIND/163609_4-163609-A-16_w003.npy,"[13, 197]","[64, 197]",16000,2.0,1.0,P3-v0.1,P2-v0.1
163609_4-163609-B-16_w000,ESC-50,163609,4-163609-B-16.wav,wind,WIND,train,4,B,0,0,32000,0.0,2.0,5.0,features/mfcc/train/WIND/163609_4-163609-B-16_w000.npy,features/log_mel/train/WIND/163609_4-163609-B-16_w000.npy,"[13, 197]","[64, 197]",16000,2.0,1.0,P3-v0.1,P2-v0.1
163609_4-163609-B-16_w001,ESC-50,163609,4-163609-B-16.wav,wind,WIND,train,4,B,1,16000,48000,1.0,3.0,5.0,features/mfcc/train/WIND/163609_4-163609-B-16_w001.npy,features/log_mel/train/WIND/163609_4-163609-B-16_w001.npy,"[13, 197]","[64, 197]",16000,2.0,1.0,P3-v0.1,P2-v0.1
163609_4-163609-B-16_w002,ESC-50,163609,4-163609-B-16.wav,wind,WIND,train,4,B,2,32000,64000,2.0,4.0,5.0,features/mfcc/train/WIND/163609_4-163609-B-16_w002.npy,features/log_mel/train/WIND/163609_4-163609-B-16_w002.npy,"[13, 197]","[64, 197]",16000,2.0,1.0,P3-v0.1,P2-v0.1
163609_4-163609-B-16_w003,ESC-50,163609,4-163609-B-16.wav,wind,WIND,train,4,B,3,48000,80000,3.0,5.0,5.0,features/mfcc/train/WIND/163609_4-163609-B-16_w003.npy,features/log_mel/train/WIND/163609_4-163609-B-16_w003.npy,"[13, 197]","[64, 197]",16000,2.0,1.0,P3-v0.1,P2-v0.1
179496_5-179496-A-16_w000,ESC-50,179496,5-179496-A-16.wav,wind,WIND,train,5,A,0,0,32000,0.0,2.0,5.0,features/mfcc/train/WIND/179496_5-179496-A-16_w000.npy,features/log_mel/train/WIND/179496_5-179496-A-16_w000.npy,"[13, 197]","[64, 197]",16000,2.0,1.0,P3-v0.1,P2-v0.1
179496_5-179496-A-16_w001,ESC-50,179496,5-179496-A-16.wav,wind,WIND,train,5,A,1,16000,48000,1.0,3.0,5.0,features/mfcc/train/WIND/179496_5-179496-A-16_w001.npy,features/log_mel/train/WIND/179496_5-179496-A-16_w001.npy,"[13, 197]","[64, 197]",16000,2.0,1.0,P3-v0.1,P2-v0.1
179496_5-179496-A-16_w002,ESC-50,179496,5-179496-A-16.wav,wind,WIND,train,5,A,2,32000,64000,2.0,4.0,5.0,features/mfcc/train/WIND/179496_5-179496-A-16_w002.npy,features/log_mel/train/WIND/179496_5-179496-A-16_w002.npy,"[13, 197]","[64, 197]",16000,2.0,1.0,P3-v0.1,P2-v0.1
179496_5-179496-A-16_w003,ESC-50,179496,5-179496-A-16.wav,wind,WIND,train,5,A,3,48000,80000,3.0,5.0,5.0,features/mfcc/train/WIND/179496_5-179496-A-16_w003.npy,features/log_mel/train/WIND/179496_5-179496-A-16_w003.npy,"[13, 197]","[64, 197]",16000,2.0,1.0,P3-v0.1,P2-v0.1
179496_5-179496-B-16_w000,ESC-50,179496,5-179496-B-16.wav,wind,WIND,train,5,B,0,0,32000,0.0,2.0,5.0,features/mfcc/train/WIND/179496_5-179496-B-16_w000.npy,features/log_mel/train/WIND/179496_5-179496-B-16_w000.npy,"[13, 197]","[64, 197]",16000,2.0,1.0,P3-v0.1,P2-v0.1
179496_5-179496-B-16_w001,ESC-50,179496,5-179496-B-16.wav,wind,WIND,train,5,B,1,16000,48000,1.0,3.0,5.0,features/mfcc/train/WIND/179496_5-179496-B-16_w001.npy,features/log_mel/train/WIND/179496_5-179496-B-16_w001.npy,"[13, 197]","[64, 197]",16000,2.0,1.0,P3-v0.1,P2-v0.1
179496_5-179496-B-16_w002,ESC-50,179496,5-179496-B-16.wav,wind,WIND,train,5,B,2,32000,64000,2.0,4.0,5.0,features/mfcc/train/WIND/179496_5-179496-B-16_w002.npy,features/log_mel/train/WIND/179496_5-179496-B-16_w002.npy,"[13, 197]","[64, 197]",16000,2.0,1.0,P3-v0.1,P2-v0.1
179496_5-179496-B-16_w003,ESC-50,179496,5-179496-B-16.wav,wind,WIND,train,5,B,3,48000,80000,3.0,5.0,5.0,features/mfcc/train/WIND/179496_5-179496-B-16_w003.npy,features/log_mel/train/WIND/179496_5-179496-B-16_w003.npy,"[13, 197]","[64, 197]",16000,2.0,1.0,P3-v0.1,P2-v0.1
217186_5-217186-A-16_w000,ESC-50,217186,5-217186-A-16.wav,wind,WIND,train,5,A,0,0,32000,0.0,2.0,5.0,features/mfcc/train/WIND/217186_5-217186-A-16_w000.npy,features/log_mel/train/WIND/217186_5-217186-A-16_w000.npy,"[13, 197]","[64, 197]",16000,2.0,1.0,P3-v0.1,P2-v0.1
217186_5-217186-A-16_w001,ESC-50,217186,5-217186-A-16.wav,wind,WIND,train,5,A,1,16000,48000,1.0,3.0,5.0,features/mfcc/train/WIND/217186_5-217186-A-16_w001.npy,features/log_mel/train/WIND/217186_5-217186-A-16_w001.npy,"[13, 197]","[64, 197]",16000,2.0,1.0,P3-v0.1,P2-v0.1
217186_5-217186-A-16_w002,ESC-50,217186,5-217186-A-16.wav,wind,WIND,train,5,A,2,32000,64000,2.0,4.0,5.0,features/mfcc/train/WIND/217186_5-217186-A-16_w002.npy,features/log_mel/train/WIND/217186_5-217186-A-16_w002.npy,"[13, 197]","[64, 197]",16000,2.0,1.0,P3-v0.1,P2-v0.1
217186_5-217186-A-16_w003,ESC-50,217186,5-217186-A-16.wav,wind,WIND,train,5,A,3,48000,80000,3.0,5.0,5.0,features/mfcc/train/WIND/217186_5-217186-A-16_w003.npy,features/log_mel/train/WIND/217186_5-217186-A-16_w003.npy,"[13, 197]","[64, 197]",16000,2.0,1.0,P3-v0.1,P2-v0.1
217186_5-217186-B-16_w000,ESC-50,217186,5-217186-B-16.wav,wind,WIND,train,5,B,0,0,32000,0.0,2.0,5.0,features/mfcc/train/WIND/217186_5-217186-B-16_w000.npy,features/log_mel/train/WIND/217186_5-217186-B-16_w000.npy,"[13, 197]","[64, 197]",16000,2.0,1.0,P3-v0.1,P2-v0.1
217186_5-217186-B-16_w001,ESC-50,217186,5-217186-B-16.wav,wind,WIND,train,5,B,1,16000,48000,1.0,3.0,5.0,features/mfcc/train/WIND/217186_5-217186-B-16_w001.npy,features/log_mel/train/WIND/217186_5-217186-B-16_w001.npy,"[13, 197]","[64, 197]",16000,2.0,1.0,P3-v0.1,P2-v0.1
217186_5-217186-B-16_w002,ESC-50,217186,5-217186-B-16.wav,wind,WIND,train,5,B,2,32000,64000,2.0,4.0,5.0,features/mfcc/train/WIND/217186_5-217186-B-16_w002.npy,features/log_mel/train/WIND/217186_5-217186-B-16_w002.npy,"[13, 197]","[64, 197]",16000,2.0,1.0,P3-v0.1,P2-v0.1
217186_5-217186-B-16_w003,ESC-50,217186,5-217186-B-16.wav,wind,WIND,train,5,B,3,48000,80000,3.0,5.0,5.0,features/mfcc/train/WIND/217186_5-217186-B-16_w003.npy,features/log_mel/train/WIND/217186_5-217186-B-16_w003.npy,"[13, 197]","[64, 197]",16000,2.0,1.0,P3-v0.1,P2-v0.1
217186_5-217186-C-16_w000,ESC-50,217186,5-217186-C-16.wav,wind,WIND,train,5,C,0,0,32000,0.0,2.0,5.0,features/mfcc/train/WIND/217186_5-217186-C-16_w000.npy,features/log_mel/train/WIND/217186_5-217186-C-16_w000.npy,"[13, 197]","[64, 197]",16000,2.0,1.0,P3-v0.1,P2-v0.1
217186_5-217186-C-16_w001,ESC-50,217186,5-217186-C-16.wav,wind,WIND,train,5,C,1,16000,48000,1.0,3.0,5.0,features/mfcc/train/WIND/217186_5-217186-C-16_w001.npy,features/log_mel/train/WIND/217186_5-217186-C-16_w001.npy,"[13, 197]","[64, 197]",16000,2.0,1.0,P3-v0.1,P2-v0.1
217186_5-217186-C-16_w002,ESC-50,217186,5-217186-C-16.wav,wind,WIND,train,5,C,2,32000,64000,2.0,4.0,5.0,features/mfcc/train/WIND/217186_5-217186-C-16_w002.npy,features/log_mel/train/WIND/217186_5-217186-C-16_w002.npy,"[13, 197]","[64, 197]",16000,2.0,1.0,P3-v0.1,P2-v0.1
217186_5-217186-C-16_w003,ESC-50,217186,5-217186-C-16.wav,wind,WIND,train,5,C,3,48000,80000,3.0,5.0,5.0,features/mfcc/train/WIND/217186_5-217186-C-16_w003.npy,features/log_mel/train/WIND/217186_5-217186-C-16_w003.npy,"[13, 197]","[64, 197]",16000,2.0,1.0,P3-v0.1,P2-v0.1
246513_3-246513-A-16_w000,ESC-50,246513,3-246513-A-16.wav,wind,WIND,train,3,A,0,0,32000,0.0,2.0,5.0,features/mfcc/train/WIND/246513_3-246513-A-16_w000.npy,features/log_mel/train/WIND/246513_3-246513-A-16_w000.npy,"[13, 197]","[64, 197]",16000,2.0,1.0,P3-v0.1,P2-v0.1
246513_3-246513-A-16_w001,ESC-50,246513,3-246513-A-16.wav,wind,WIND,train,3,A,1,16000,48000,1.0,3.0,5.0,features/mfcc/train/WIND/246513_3-246513-A-16_w001.npy,features/log_mel/train/WIND/246513_3-246513-A-16_w001.npy,"[13, 197]","[64, 197]",16000,2.0,1.0,P3-v0.1,P2-v0.1
246513_3-246513-A-16_w002,ESC-50,246513,3-246513-A-16.wav,wind,WIND,train,3,A,2,32000,64000,2.0,4.0,5.0,features/mfcc/train/WIND/246513_3-246513-A-16_w002.npy,features/log_mel/train/WIND/246513_3-246513-A-16_w002.npy,"[13, 197]","[64, 197]",16000,2.0,1.0,P3-v0.1,P2-v0.1
246513_3-246513-A-16_w003,ESC-50,246513,3-246513-A-16.wav,wind,WIND,train,3,A,3,48000,80000,3.0,5.0,5.0,features/mfcc/train/WIND/246513_3-246513-A-16_w003.npy,features/log_mel/train/WIND/246513_3-246513-A-16_w003.npy,"[13, 197]","[64, 197]",16000,2.0,1.0,P3-v0.1,P2-v0.1
246513_3-246513-B-16_w000,ESC-50,246513,3-246513-B-16.wav,wind,WIND,train,3,B,0,0,32000,0.0,2.0,5.0,features/mfcc/train/WIND/246513_3-246513-B-16_w000.npy,features/log_mel/train/WIND/246513_3-246513-B-16_w000.npy,"[13, 197]","[64, 197]",16000,2.0,1.0,P3-v0.1,P2-v0.1
246513_3-246513-B-16_w001,ESC-50,246513,3-246513-B-16.wav,wind,WIND,train,3,B,1,16000,48000,1.0,3.0,5.0,features/mfcc/train/WIND/246513_3-246513-B-16_w001.npy,features/log_mel/train/WIND/246513_3-246513-B-16_w001.npy,"[13, 197]","[64, 197]",16000,2.0,1.0,P3-v0.1,P2-v0.1
246513_3-246513-B-16_w002,ESC-50,246513,3-246513-B-16.wav,wind,WIND,train,3,B,2,32000,64000,2.0,4.0,5.0,features/mfcc/train/WIND/246513_3-246513-B-16_w002.npy,features/log_mel/train/WIND/246513_3-246513-B-16_w002.npy,"[13, 197]","[64, 197]",16000,2.0,1.0,P3-v0.1,P2-v0.1
246513_3-246513-B-16_w003,ESC-50,246513,3-246513-B-16.wav,wind,WIND,train,3,B,3,48000,80000,3.0,5.0,5.0,features/mfcc/train/WIND/246513_3-246513-B-16_w003.npy,features/log_mel/train/WIND/246513_3-246513-B-16_w003.npy,"[13, 197]","[64, 197]",16000,2.0,1.0,P3-v0.1,P2-v0.1
50454_1-50454-A-44_w000,ESC-50,50454,1-50454-A-44.wav,engine,ENGINE,validation,1,A,0,0,32000,0.0,2.0,5.0,features/mfcc/validation/ENGINE/50454_1-50454-A-44_w000.npy,features/log_mel/validation/ENGINE/50454_1-50454-A-44_w000.npy,"[13, 197]","[64, 197]",16000,2.0,1.0,P3-v0.1,P2-v0.1
50454_1-50454-A-44_w001,ESC-50,50454,1-50454-A-44.wav,engine,ENGINE,validation,1,A,1,16000,48000,1.0,3.0,5.0,features/mfcc/validation/ENGINE/50454_1-50454-A-44_w001.npy,features/log_mel/validation/ENGINE/50454_1-50454-A-44_w001.npy,"[13, 197]","[64, 197]",16000,2.0,1.0,P3-v0.1,P2-v0.1
50454_1-50454-A-44_w002,ESC-50,50454,1-50454-A-44.wav,engine,ENGINE,validation,1,A,2,32000,64000,2.0,4.0,5.0,features/mfcc/validation/ENGINE/50454_1-50454-A-44_w002.npy,features/log_mel/validation/ENGINE/50454_1-50454-A-44_w002.npy,"[13, 197]","[64, 197]",16000,2.0,1.0,P3-v0.1,P2-v0.1
50454_1-50454-A-44_w003,ESC-50,50454,1-50454-A-44.wav,engine,ENGINE,validation,1,A,3,48000,80000,3.0,5.0,5.0,features/mfcc/validation/ENGINE/50454_1-50454-A-44_w003.npy,features/log_mel/validation/ENGINE/50454_1-50454-A-44_w003.npy,"[13, 197]","[64, 197]",16000,2.0,1.0,P3-v0.1,P2-v0.1
128160_3-128160-A-44_w000,ESC-50,128160,3-128160-A-44.wav,engine,ENGINE,validation,3,A,0,0,32000,0.0,2.0,5.0,features/mfcc/validation/ENGINE/128160_3-128160-A-44_w000.npy,features/log_mel/validation/ENGINE/128160_3-128160-A-44_w000.npy,"[13, 197]","[64, 197]",16000,2.0,1.0,P3-v0.1,P2-v0.1
128160_3-128160-A-44_w001,ESC-50,128160,3-128160-A-44.wav,engine,ENGINE,validation,3,A,1,16000,48000,1.0,3.0,5.0,features/mfcc/validation/ENGINE/128160_3-128160-A-44_w001.npy,features/log_mel/validation/ENGINE/128160_3-128160-A-44_w001.npy,"[13, 197]","[64, 197]",16000,2.0,1.0,P3-v0.1,P2-v0.1
128160_3-128160-A-44_w002,ESC-50,128160,3-128160-A-44.wav,engine,ENGINE,validation,3,A,2,32000,64000,2.0,4.0,5.0,features/mfcc/validation/ENGINE/128160_3-128160-A-44_w002.npy,features/log_mel/validation/ENGINE/128160_3-128160-A-44_w002.npy,"[13, 197]","[64, 197]",16000,2.0,1.0,P3-v0.1,P2-v0.1
128160_3-128160-A-44_w003,ESC-50,128160,3-128160-A-44.wav,engine,ENGINE,validation,3,A,3,48000,80000,3.0,5.0,5.0,features/mfcc/validation/ENGINE/128160_3-128160-A-44_w003.npy,features/log_mel/validation/ENGINE/128160_3-128160-A-44_w003.npy,"[13, 197]","[64, 197]",16000,2.0,1.0,P3-v0.1,P2-v0.1
195451_4-195451-A-44_w000,ESC-50,195451,4-195451-A-44.wav,engine,ENGINE,validation,4,A,0,0,32000,0.0,2.0,5.0,features/mfcc/validation/ENGINE/195451_4-195451-A-44_w000.npy,features/log_mel/validation/ENGINE/195451_4-195451-A-44_w000.npy,"[13, 197]","[64, 197]",16000,2.0,1.0,P3-v0.1,P2-v0.1
195451_4-195451-A-44_w001,ESC-50,195451,4-195451-A-44.wav,engine,ENGINE,validation,4,A,1,16000,48000,1.0,3.0,5.0,features/mfcc/validation/ENGINE/195451_4-195451-A-44_w001.npy,features/log_mel/validation/ENGINE/195451_4-195451-A-44_w001.npy,"[13, 197]","[64, 197]",16000,2.0,1.0,P3-v0.1,P2-v0.1
195451_4-195451-A-44_w002,ESC-50,195451,4-195451-A-44.wav,engine,ENGINE,validation,4,A,2,32000,64000,2.0,4.0,5.0,features/mfcc/validation/ENGINE/195451_4-195451-A-44_w002.npy,features/log_mel/validation/ENGINE/195451_4-195451-A-44_w002.npy,"[13, 197]","[64, 197]",16000,2.0,1.0,P3-v0.1,P2-v0.1
195451_4-195451-A-44_w003,ESC-50,195451,4-195451-A-44.wav,engine,ENGINE,validation,4,A,3,48000,80000,3.0,5.0,5.0,features/mfcc/validation/ENGINE/195451_4-195451-A-44_w003.npy,features/log_mel/validation/ENGINE/195451_4-195451-A-44_w003.npy,"[13, 197]","[64, 197]",16000,2.0,1.0,P3-v0.1,P2-v0.1
201988_4-201988-A-44_w000,ESC-50,201988,4-201988-A-44.wav,engine,ENGINE,validation,4,A,0,0,32000,0.0,2.0,5.0,features/mfcc/validation/ENGINE/201988_4-201988-A-44_w000.npy,features/log_mel/validation/ENGINE/201988_4-201988-A-44_w000.npy,"[13, 197]","[64, 197]",16000,2.0,1.0,P3-v0.1,P2-v0.1
201988_4-201988-A-44_w001,ESC-50,201988,4-201988-A-44.wav,engine,ENGINE,validation,4,A,1,16000,48000,1.0,3.0,5.0,features/mfcc/validation/ENGINE/201988_4-201988-A-44_w001.npy,features/log_mel/validation/ENGINE/201988_4-201988-A-44_w001.npy,"[13, 197]","[64, 197]",16000,2.0,1.0,P3-v0.1,P2-v0.1
201988_4-201988-A-44_w002,ESC-50,201988,4-201988-A-44.wav,engine,ENGINE,validation,4,A,2,32000,64000,2.0,4.0,5.0,features/mfcc/validation/ENGINE/201988_4-201988-A-44_w002.npy,features/log_mel/validation/ENGINE/201988_4-201988-A-44_w002.npy,"[13, 197]","[64, 197]",16000,2.0,1.0,P3-v0.1,P2-v0.1
201988_4-201988-A-44_w003,ESC-50,201988,4-201988-A-44.wav,engine,ENGINE,validation,4,A,3,48000,80000,3.0,5.0,5.0,features/mfcc/validation/ENGINE/201988_4-201988-A-44_w003.npy,features/log_mel/validation/ENGINE/201988_4-201988-A-44_w003.npy,"[13, 197]","[64, 197]",16000,2.0,1.0,P3-v0.1,P2-v0.1
209992_5-209992-A-44_w000,ESC-50,209992,5-209992-A-44.wav,engine,ENGINE,validation,5,A,0,0,32000,0.0,2.0,5.0,features/mfcc/validation/ENGINE/209992_5-209992-A-44_w000.npy,features/log_mel/validation/ENGINE/209992_5-209992-A-44_w000.npy,"[13, 197]","[64, 197]",16000,2.0,1.0,P3-v0.1,P2-v0.1
209992_5-209992-A-44_w001,ESC-50,209992,5-209992-A-44.wav,engine,ENGINE,validation,5,A,1,16000,48000,1.0,3.0,5.0,features/mfcc/validation/ENGINE/209992_5-209992-A-44_w001.npy,features/log_mel/validation/ENGINE/209992_5-209992-A-44_w001.npy,"[13, 197]","[64, 197]",16000,2.0,1.0,P3-v0.1,P2-v0.1
209992_5-209992-A-44_w002,ESC-50,209992,5-209992-A-44.wav,engine,ENGINE,validation,5,A,2,32000,64000,2.0,4.0,5.0,features/mfcc/validation/ENGINE/209992_5-209992-A-44_w002.npy,features/log_mel/validation/ENGINE/209992_5-209992-A-44_w002.npy,"[13, 197]","[64, 197]",16000,2.0,1.0,P3-v0.1,P2-v0.1
209992_5-209992-A-44_w003,ESC-50,209992,5-209992-A-44.wav,engine,ENGINE,validation,5,A,3,48000,80000,3.0,5.0,5.0,features/mfcc/validation/ENGINE/209992_5-209992-A-44_w003.npy,features/log_mel/validation/ENGINE/209992_5-209992-A-44_w003.npy,"[13, 197]","[64, 197]",16000,2.0,1.0,P3-v0.1,P2-v0.1
209992_5-209992-B-44_w000,ESC-50,209992,5-209992-B-44.wav,engine,ENGINE,validation,5,B,0,0,32000,0.0,2.0,5.0,features/mfcc/validation/ENGINE/209992_5-209992-B-44_w000.npy,features/log_mel/validation/ENGINE/209992_5-209992-B-44_w000.npy,"[13, 197]","[64, 197]",16000,2.0,1.0,P3-v0.1,P2-v0.1
209992_5-209992-B-44_w001,ESC-50,209992,5-209992-B-44.wav,engine,ENGINE,validation,5,B,1,16000,48000,1.0,3.0,5.0,features/mfcc/validation/ENGINE/209992_5-209992-B-44_w001.npy,features/log_mel/validation/ENGINE/209992_5-209992-B-44_w001.npy,"[13, 197]","[64, 197]",16000,2.0,1.0,P3-v0.1,P2-v0.1
209992_5-209992-B-44_w002,ESC-50,209992,5-209992-B-44.wav,engine,ENGINE,validation,5,B,2,32000,64000,2.0,4.0,5.0,features/mfcc/validation/ENGINE/209992_5-209992-B-44_w002.npy,features/log_mel/validation/ENGINE/209992_5-209992-B-44_w002.npy,"[13, 197]","[64, 197]",16000,2.0,1.0,P3-v0.1,P2-v0.1
209992_5-209992-B-44_w003,ESC-50,209992,5-209992-B-44.wav,engine,ENGINE,validation,5,B,3,48000,80000,3.0,5.0,5.0,features/mfcc/validation/ENGINE/209992_5-209992-B-44_w003.npy,features/log_mel/validation/ENGINE/209992_5-209992-B-44_w003.npy,"[13, 197]","[64, 197]",16000,2.0,1.0,P3-v0.1,P2-v0.1
29561_1-29561-A-10_w000,ESC-50,29561,1-29561-A-10.wav,rain,RAIN,validation,1,A,0,0,32000,0.0,2.0,5.0,features/mfcc/validation/RAIN/29561_1-29561-A-10_w000.npy,features/log_mel/validation/RAIN/29561_1-29561-A-10_w000.npy,"[13, 197]","[64, 197]",16000,2.0,1.0,P3-v0.1,P2-v0.1
29561_1-29561-A-10_w001,ESC-50,29561,1-29561-A-10.wav,rain,RAIN,validation,1,A,1,16000,48000,1.0,3.0,5.0,features/mfcc/validation/RAIN/29561_1-29561-A-10_w001.npy,features/log_mel/validation/RAIN/29561_1-29561-A-10_w001.npy,"[13, 197]","[64, 197]",16000,2.0,1.0,P3-v0.1,P2-v0.1
29561_1-29561-A-10_w002,ESC-50,29561,1-29561-A-10.wav,rain,RAIN,validation,1,A,2,32000,64000,2.0,4.0,5.0,features/mfcc/validation/RAIN/29561_1-29561-A-10_w002.npy,features/log_mel/validation/RAIN/29561_1-29561-A-10_w002.npy,"[13, 197]","[64, 197]",16000,2.0,1.0,P3-v0.1,P2-v0.1
29561_1-29561-A-10_w003,ESC-50,29561,1-29561-A-10.wav,rain,RAIN,validation,1,A,3,48000,80000,3.0,5.0,5.0,features/mfcc/validation/RAIN/29561_1-29561-A-10_w003.npy,features/log_mel/validation/RAIN/29561_1-29561-A-10_w003.npy,"[13, 197]","[64, 197]",16000,2.0,1.0,P3-v0.1,P2-v0.1
50060_1-50060-A-10_w000,ESC-50,50060,1-50060-A-10.wav,rain,RAIN,validation,1,A,0,0,32000,0.0,2.0,5.0,features/mfcc/validation/RAIN/50060_1-50060-A-10_w000.npy,features/log_mel/validation/RAIN/50060_1-50060-A-10_w000.npy,"[13, 197]","[64, 197]",16000,2.0,1.0,P3-v0.1,P2-v0.1
50060_1-50060-A-10_w001,ESC-50,50060,1-50060-A-10.wav,rain,RAIN,validation,1,A,1,16000,48000,1.0,3.0,5.0,features/mfcc/validation/RAIN/50060_1-50060-A-10_w001.npy,features/log_mel/validation/RAIN/50060_1-50060-A-10_w001.npy,"[13, 197]","[64, 197]",16000,2.0,1.0,P3-v0.1,P2-v0.1
50060_1-50060-A-10_w002,ESC-50,50060,1-50060-A-10.wav,rain,RAIN,validation,1,A,2,32000,64000,2.0,4.0,5.0,features/mfcc/validation/RAIN/50060_1-50060-A-10_w002.npy,features/log_mel/validation/RAIN/50060_1-50060-A-10_w002.npy,"[13, 197]","[64, 197]",16000,2.0,1.0,P3-v0.1,P2-v0.1
50060_1-50060-A-10_w003,ESC-50,50060,1-50060-A-10.wav,rain,RAIN,validation,1,A,3,48000,80000,3.0,5.0,5.0,features/mfcc/validation/RAIN/50060_1-50060-A-10_w003.npy,features/log_mel/validation/RAIN/50060_1-50060-A-10_w003.npy,"[13, 197]","[64, 197]",16000,2.0,1.0,P3-v0.1,P2-v0.1
63871_1-63871-A-10_w000,ESC-50,63871,1-63871-A-10.wav,rain,RAIN,validation,1,A,0,0,32000,0.0,2.0,5.0,features/mfcc/validation/RAIN/63871_1-63871-A-10_w000.npy,features/log_mel/validation/RAIN/63871_1-63871-A-10_w000.npy,"[13, 197]","[64, 197]",16000,2.0,1.0,P3-v0.1,P2-v0.1
63871_1-63871-A-10_w001,ESC-50,63871,1-63871-A-10.wav,rain,RAIN,validation,1,A,1,16000,48000,1.0,3.0,5.0,features/mfcc/validation/RAIN/63871_1-63871-A-10_w001.npy,features/log_mel/validation/RAIN/63871_1-63871-A-10_w001.npy,"[13, 197]","[64, 197]",16000,2.0,1.0,P3-v0.1,P2-v0.1
63871_1-63871-A-10_w002,ESC-50,63871,1-63871-A-10.wav,rain,RAIN,validation,1,A,2,32000,64000,2.0,4.0,5.0,features/mfcc/validation/RAIN/63871_1-63871-A-10_w002.npy,features/log_mel/validation/RAIN/63871_1-63871-A-10_w002.npy,"[13, 197]","[64, 197]",16000,2.0,1.0,P3-v0.1,P2-v0.1
63871_1-63871-A-10_w003,ESC-50,63871,1-63871-A-10.wav,rain,RAIN,validation,1,A,3,48000,80000,3.0,5.0,5.0,features/mfcc/validation/RAIN/63871_1-63871-A-10_w003.npy,features/log_mel/validation/RAIN/63871_1-63871-A-10_w003.npy,"[13, 197]","[64, 197]",16000,2.0,1.0,P3-v0.1,P2-v0.1
101676_2-101676-A-10_w000,ESC-50,101676,2-101676-A-10.wav,rain,RAIN,validation,2,A,0,0,32000,0.0,2.0,5.0,features/mfcc/validation/RAIN/101676_2-101676-A-10_w000.npy,features/log_mel/validation/RAIN/101676_2-101676-A-10_w000.npy,"[13, 197]","[64, 197]",16000,2.0,1.0,P3-v0.1,P2-v0.1
101676_2-101676-A-10_w001,ESC-50,101676,2-101676-A-10.wav,rain,RAIN,validation,2,A,1,16000,48000,1.0,3.0,5.0,features/mfcc/validation/RAIN/101676_2-101676-A-10_w001.npy,features/log_mel/validation/RAIN/101676_2-101676-A-10_w001.npy,"[13, 197]","[64, 197]",16000,2.0,1.0,P3-v0.1,P2-v0.1
101676_2-101676-A-10_w002,ESC-50,101676,2-101676-A-10.wav,rain,RAIN,validation,2,A,2,32000,64000,2.0,4.0,5.0,features/mfcc/validation/RAIN/101676_2-101676-A-10_w002.npy,features/log_mel/validation/RAIN/101676_2-101676-A-10_w002.npy,"[13, 197]","[64, 197]",16000,2.0,1.0,P3-v0.1,P2-v0.1
101676_2-101676-A-10_w003,ESC-50,101676,2-101676-A-10.wav,rain,RAIN,validation,2,A,3,48000,80000,3.0,5.0,5.0,features/mfcc/validation/RAIN/101676_2-101676-A-10_w003.npy,features/log_mel/validation/RAIN/101676_2-101676-A-10_w003.npy,"[13, 197]","[64, 197]",16000,2.0,1.0,P3-v0.1,P2-v0.1
143929_3-143929-A-10_w000,ESC-50,143929,3-143929-A-10.wav,rain,RAIN,validation,3,A,0,0,32000,0.0,2.0,5.0,features/mfcc/validation/RAIN/143929_3-143929-A-10_w000.npy,features/log_mel/validation/RAIN/143929_3-143929-A-10_w000.npy,"[13, 197]","[64, 197]",16000,2.0,1.0,P3-v0.1,P2-v0.1
143929_3-143929-A-10_w001,ESC-50,143929,3-143929-A-10.wav,rain,RAIN,validation,3,A,1,16000,48000,1.0,3.0,5.0,features/mfcc/validation/RAIN/143929_3-143929-A-10_w001.npy,features/log_mel/validation/RAIN/143929_3-143929-A-10_w001.npy,"[13, 197]","[64, 197]",16000,2.0,1.0,P3-v0.1,P2-v0.1
143929_3-143929-A-10_w002,ESC-50,143929,3-143929-A-10.wav,rain,RAIN,validation,3,A,2,32000,64000,2.0,4.0,5.0,features/mfcc/validation/RAIN/143929_3-143929-A-10_w002.npy,features/log_mel/validation/RAIN/143929_3-143929-A-10_w002.npy,"[13, 197]","[64, 197]",16000,2.0,1.0,P3-v0.1,P2-v0.1
143929_3-143929-A-10_w003,ESC-50,143929,3-143929-A-10.wav,rain,RAIN,validation,3,A,3,48000,80000,3.0,5.0,5.0,features/mfcc/validation/RAIN/143929_3-143929-A-10_w003.npy,features/log_mel/validation/RAIN/143929_3-143929-A-10_w003.npy,"[13, 197]","[64, 197]",16000,2.0,1.0,P3-v0.1,P2-v0.1
194892_5-194892-A-10_w000,ESC-50,194892,5-194892-A-10.wav,rain,RAIN,validation,5,A,0,0,32000,0.0,2.0,5.0,features/mfcc/validation/RAIN/194892_5-194892-A-10_w000.npy,features/log_mel/validation/RAIN/194892_5-194892-A-10_w000.npy,"[13, 197]","[64, 197]",16000,2.0,1.0,P3-v0.1,P2-v0.1
194892_5-194892-A-10_w001,ESC-50,194892,5-194892-A-10.wav,rain,RAIN,validation,5,A,1,16000,48000,1.0,3.0,5.0,features/mfcc/validation/RAIN/194892_5-194892-A-10_w001.npy,features/log_mel/validation/RAIN/194892_5-194892-A-10_w001.npy,"[13, 197]","[64, 197]",16000,2.0,1.0,P3-v0.1,P2-v0.1
194892_5-194892-A-10_w002,ESC-50,194892,5-194892-A-10.wav,rain,RAIN,validation,5,A,2,32000,64000,2.0,4.0,5.0,features/mfcc/validation/RAIN/194892_5-194892-A-10_w002.npy,features/log_mel/validation/RAIN/194892_5-194892-A-10_w002.npy,"[13, 197]","[64, 197]",16000,2.0,1.0,P3-v0.1,P2-v0.1
194892_5-194892-A-10_w003,ESC-50,194892,5-194892-A-10.wav,rain,RAIN,validation,5,A,3,48000,80000,3.0,5.0,5.0,features/mfcc/validation/RAIN/194892_5-194892-A-10_w003.npy,features/log_mel/validation/RAIN/194892_5-194892-A-10_w003.npy,"[13, 197]","[64, 197]",16000,2.0,1.0,P3-v0.1,P2-v0.1
43802_2-43802-A-42_w000,ESC-50,43802,2-43802-A-42.wav,siren,SIREN,validation,2,A,0,0,32000,0.0,2.0,5.0,features/mfcc/validation/SIREN/43802_2-43802-A-42_w000.npy,features/log_mel/validation/SIREN/43802_2-43802-A-42_w000.npy,"[13, 197]","[64, 197]",16000,2.0,1.0,P3-v0.1,P2-v0.1
43802_2-43802-A-42_w001,ESC-50,43802,2-43802-A-42.wav,siren,SIREN,validation,2,A,1,16000,48000,1.0,3.0,5.0,features/mfcc/validation/SIREN/43802_2-43802-A-42_w001.npy,features/log_mel/validation/SIREN/43802_2-43802-A-42_w001.npy,"[13, 197]","[64, 197]",16000,2.0,1.0,P3-v0.1,P2-v0.1
43802_2-43802-A-42_w002,ESC-50,43802,2-43802-A-42.wav,siren,SIREN,validation,2,A,2,32000,64000,2.0,4.0,5.0,features/mfcc/validation/SIREN/43802_2-43802-A-42_w002.npy,features/log_mel/validation/SIREN/43802_2-43802-A-42_w002.npy,"[13, 197]","[64, 197]",16000,2.0,1.0,P3-v0.1,P2-v0.1
43802_2-43802-A-42_w003,ESC-50,43802,2-43802-A-42.wav,siren,SIREN,validation,2,A,3,48000,80000,3.0,5.0,5.0,features/mfcc/validation/SIREN/43802_2-43802-A-42_w003.npy,features/log_mel/validation/SIREN/43802_2-43802-A-42_w003.npy,"[13, 197]","[64, 197]",16000,2.0,1.0,P3-v0.1,P2-v0.1
70052_2-70052-A-42_w000,ESC-50,70052,2-70052-A-42.wav,siren,SIREN,validation,2,A,0,0,32000,0.0,2.0,5.0,features/mfcc/validation/SIREN/70052_2-70052-A-42_w000.npy,features/log_mel/validation/SIREN/70052_2-70052-A-42_w000.npy,"[13, 197]","[64, 197]",16000,2.0,1.0,P3-v0.1,P2-v0.1
70052_2-70052-A-42_w001,ESC-50,70052,2-70052-A-42.wav,siren,SIREN,validation,2,A,1,16000,48000,1.0,3.0,5.0,features/mfcc/validation/SIREN/70052_2-70052-A-42_w001.npy,features/log_mel/validation/SIREN/70052_2-70052-A-42_w001.npy,"[13, 197]","[64, 197]",16000,2.0,1.0,P3-v0.1,P2-v0.1
70052_2-70052-A-42_w002,ESC-50,70052,2-70052-A-42.wav,siren,SIREN,validation,2,A,2,32000,64000,2.0,4.0,5.0,features/mfcc/validation/SIREN/70052_2-70052-A-42_w002.npy,features/log_mel/validation/SIREN/70052_2-70052-A-42_w002.npy,"[13, 197]","[64, 197]",16000,2.0,1.0,P3-v0.1,P2-v0.1
70052_2-70052-A-42_w003,ESC-50,70052,2-70052-A-42.wav,siren,SIREN,validation,2,A,3,48000,80000,3.0,5.0,5.0,features/mfcc/validation/SIREN/70052_2-70052-A-42_w003.npy,features/log_mel/validation/SIREN/70052_2-70052-A-42_w003.npy,"[13, 197]","[64, 197]",16000,2.0,1.0,P3-v0.1,P2-v0.1
70052_2-70052-B-42_w000,ESC-50,70052,2-70052-B-42.wav,siren,SIREN,validation,2,B,0,0,32000,0.0,2.0,5.0,features/mfcc/validation/SIREN/70052_2-70052-B-42_w000.npy,features/log_mel/validation/SIREN/70052_2-70052-B-42_w000.npy,"[13, 197]","[64, 197]",16000,2.0,1.0,P3-v0.1,P2-v0.1
70052_2-70052-B-42_w001,ESC-50,70052,2-70052-B-42.wav,siren,SIREN,validation,2,B,1,16000,48000,1.0,3.0,5.0,features/mfcc/validation/SIREN/70052_2-70052-B-42_w001.npy,features/log_mel/validation/SIREN/70052_2-70052-B-42_w001.npy,"[13, 197]","[64, 197]",16000,2.0,1.0,P3-v0.1,P2-v0.1
70052_2-70052-B-42_w002,ESC-50,70052,2-70052-B-42.wav,siren,SIREN,validation,2,B,2,32000,64000,2.0,4.0,5.0,features/mfcc/validation/SIREN/70052_2-70052-B-42_w002.npy,features/log_mel/validation/SIREN/70052_2-70052-B-42_w002.npy,"[13, 197]","[64, 197]",16000,2.0,1.0,P3-v0.1,P2-v0.1
70052_2-70052-B-42_w003,ESC-50,70052,2-70052-B-42.wav,siren,SIREN,validation,2,B,3,48000,80000,3.0,5.0,5.0,features/mfcc/validation/SIREN/70052_2-70052-B-42_w003.npy,features/log_mel/validation/SIREN/70052_2-70052-B-42_w003.npy,"[13, 197]","[64, 197]",16000,2.0,1.0,P3-v0.1,P2-v0.1
70938_2-70938-A-42_w000,ESC-50,70938,2-70938-A-42.wav,siren,SIREN,validation,2,A,0,0,32000,0.0,2.0,5.0,features/mfcc/validation/SIREN/70938_2-70938-A-42_w000.npy,features/log_mel/validation/SIREN/70938_2-70938-A-42_w000.npy,"[13, 197]","[64, 197]",16000,2.0,1.0,P3-v0.1,P2-v0.1
70938_2-70938-A-42_w001,ESC-50,70938,2-70938-A-42.wav,siren,SIREN,validation,2,A,1,16000,48000,1.0,3.0,5.0,features/mfcc/validation/SIREN/70938_2-70938-A-42_w001.npy,features/log_mel/validation/SIREN/70938_2-70938-A-42_w001.npy,"[13, 197]","[64, 197]",16000,2.0,1.0,P3-v0.1,P2-v0.1
70938_2-70938-A-42_w002,ESC-50,70938,2-70938-A-42.wav,siren,SIREN,validation,2,A,2,32000,64000,2.0,4.0,5.0,features/mfcc/validation/SIREN/70938_2-70938-A-42_w002.npy,features/log_mel/validation/SIREN/70938_2-70938-A-42_w002.npy,"[13, 197]","[64, 197]",16000,2.0,1.0,P3-v0.1,P2-v0.1
70938_2-70938-A-42_w003,ESC-50,70938,2-70938-A-42.wav,siren,SIREN,validation,2,A,3,48000,80000,3.0,5.0,5.0,features/mfcc/validation/SIREN/70938_2-70938-A-42_w003.npy,features/log_mel/validation/SIREN/70938_2-70938-A-42_w003.npy,"[13, 197]","[64, 197]",16000,2.0,1.0,P3-v0.1,P2-v0.1
102871_4-102871-A-42_w000,ESC-50,102871,4-102871-A-42.wav,siren,SIREN,validation,4,A,0,0,32000,0.0,2.0,5.0,features/mfcc/validation/SIREN/102871_4-102871-A-42_w000.npy,features/log_mel/validation/SIREN/102871_4-102871-A-42_w000.npy,"[13, 197]","[64, 197]",16000,2.0,1.0,P3-v0.1,P2-v0.1
102871_4-102871-A-42_w001,ESC-50,102871,4-102871-A-42.wav,siren,SIREN,validation,4,A,1,16000,48000,1.0,3.0,5.0,features/mfcc/validation/SIREN/102871_4-102871-A-42_w001.npy,features/log_mel/validation/SIREN/102871_4-102871-A-42_w001.npy,"[13, 197]","[64, 197]",16000,2.0,1.0,P3-v0.1,P2-v0.1
102871_4-102871-A-42_w002,ESC-50,102871,4-102871-A-42.wav,siren,SIREN,validation,4,A,2,32000,64000,2.0,4.0,5.0,features/mfcc/validation/SIREN/102871_4-102871-A-42_w002.npy,features/log_mel/validation/SIREN/102871_4-102871-A-42_w002.npy,"[13, 197]","[64, 197]",16000,2.0,1.0,P3-v0.1,P2-v0.1
102871_4-102871-A-42_w003,ESC-50,102871,4-102871-A-42.wav,siren,SIREN,validation,4,A,3,48000,80000,3.0,5.0,5.0,features/mfcc/validation/SIREN/102871_4-102871-A-42_w003.npy,features/log_mel/validation/SIREN/102871_4-102871-A-42_w003.npy,"[13, 197]","[64, 197]",16000,2.0,1.0,P3-v0.1,P2-v0.1
29532_1-29532-A-16_w000,ESC-50,29532,1-29532-A-16.wav,wind,WIND,validation,1,A,0,0,32000,0.0,2.0,5.0,features/mfcc/validation/WIND/29532_1-29532-A-16_w000.npy,features/log_mel/validation/WIND/29532_1-29532-A-16_w000.npy,"[13, 197]","[64, 197]",16000,2.0,1.0,P3-v0.1,P2-v0.1
29532_1-29532-A-16_w001,ESC-50,29532,1-29532-A-16.wav,wind,WIND,validation,1,A,1,16000,48000,1.0,3.0,5.0,features/mfcc/validation/WIND/29532_1-29532-A-16_w001.npy,features/log_mel/validation/WIND/29532_1-29532-A-16_w001.npy,"[13, 197]","[64, 197]",16000,2.0,1.0,P3-v0.1,P2-v0.1
29532_1-29532-A-16_w002,ESC-50,29532,1-29532-A-16.wav,wind,WIND,validation,1,A,2,32000,64000,2.0,4.0,5.0,features/mfcc/validation/WIND/29532_1-29532-A-16_w002.npy,features/log_mel/validation/WIND/29532_1-29532-A-16_w002.npy,"[13, 197]","[64, 197]",16000,2.0,1.0,P3-v0.1,P2-v0.1
29532_1-29532-A-16_w003,ESC-50,29532,1-29532-A-16.wav,wind,WIND,validation,1,A,3,48000,80000,3.0,5.0,5.0,features/mfcc/validation/WIND/29532_1-29532-A-16_w003.npy,features/log_mel/validation/WIND/29532_1-29532-A-16_w003.npy,"[13, 197]","[64, 197]",16000,2.0,1.0,P3-v0.1,P2-v0.1
47714_1-47714-A-16_w000,ESC-50,47714,1-47714-A-16.wav,wind,WIND,validation,1,A,0,0,32000,0.0,2.0,5.0,features/mfcc/validation/WIND/47714_1-47714-A-16_w000.npy,features/log_mel/validation/WIND/47714_1-47714-A-16_w000.npy,"[13, 197]","[64, 197]",16000,2.0,1.0,P3-v0.1,P2-v0.1
47714_1-47714-A-16_w001,ESC-50,47714,1-47714-A-16.wav,wind,WIND,validation,1,A,1,16000,48000,1.0,3.0,5.0,features/mfcc/validation/WIND/47714_1-47714-A-16_w001.npy,features/log_mel/validation/WIND/47714_1-47714-A-16_w001.npy,"[13, 197]","[64, 197]",16000,2.0,1.0,P3-v0.1,P2-v0.1
47714_1-47714-A-16_w002,ESC-50,47714,1-47714-A-16.wav,wind,WIND,validation,1,A,2,32000,64000,2.0,4.0,5.0,features/mfcc/validation/WIND/47714_1-47714-A-16_w002.npy,features/log_mel/validation/WIND/47714_1-47714-A-16_w002.npy,"[13, 197]","[64, 197]",16000,2.0,1.0,P3-v0.1,P2-v0.1
47714_1-47714-A-16_w003,ESC-50,47714,1-47714-A-16.wav,wind,WIND,validation,1,A,3,48000,80000,3.0,5.0,5.0,features/mfcc/validation/WIND/47714_1-47714-A-16_w003.npy,features/log_mel/validation/WIND/47714_1-47714-A-16_w003.npy,"[13, 197]","[64, 197]",16000,2.0,1.0,P3-v0.1,P2-v0.1
117773_5-117773-A-16_w000,ESC-50,117773,5-117773-A-16.wav,wind,WIND,validation,5,A,0,0,32000,0.0,2.0,5.0,features/mfcc/validation/WIND/117773_5-117773-A-16_w000.npy,features/log_mel/validation/WIND/117773_5-117773-A-16_w000.npy,"[13, 197]","[64, 197]",16000,2.0,1.0,P3-v0.1,P2-v0.1
117773_5-117773-A-16_w001,ESC-50,117773,5-117773-A-16.wav,wind,WIND,validation,5,A,1,16000,48000,1.0,3.0,5.0,features/mfcc/validation/WIND/117773_5-117773-A-16_w001.npy,features/log_mel/validation/WIND/117773_5-117773-A-16_w001.npy,"[13, 197]","[64, 197]",16000,2.0,1.0,P3-v0.1,P2-v0.1
117773_5-117773-A-16_w002,ESC-50,117773,5-117773-A-16.wav,wind,WIND,validation,5,A,2,32000,64000,2.0,4.0,5.0,features/mfcc/validation/WIND/117773_5-117773-A-16_w002.npy,features/log_mel/validation/WIND/117773_5-117773-A-16_w002.npy,"[13, 197]","[64, 197]",16000,2.0,1.0,P3-v0.1,P2-v0.1
117773_5-117773-A-16_w003,ESC-50,117773,5-117773-A-16.wav,wind,WIND,validation,5,A,3,48000,80000,3.0,5.0,5.0,features/mfcc/validation/WIND/117773_5-117773-A-16_w003.npy,features/log_mel/validation/WIND/117773_5-117773-A-16_w003.npy,"[13, 197]","[64, 197]",16000,2.0,1.0,P3-v0.1,P2-v0.1
144083_4-144083-A-16_w000,ESC-50,144083,4-144083-A-16.wav,wind,WIND,validation,4,A,0,0,32000,0.0,2.0,5.0,features/mfcc/validation/WIND/144083_4-144083-A-16_w000.npy,features/log_mel/validation/WIND/144083_4-144083-A-16_w000.npy,"[13, 197]","[64, 197]",16000,2.0,1.0,P3-v0.1,P2-v0.1
144083_4-144083-A-16_w001,ESC-50,144083,4-144083-A-16.wav,wind,WIND,validation,4,A,1,16000,48000,1.0,3.0,5.0,features/mfcc/validation/WIND/144083_4-144083-A-16_w001.npy,features/log_mel/validation/WIND/144083_4-144083-A-16_w001.npy,"[13, 197]","[64, 197]",16000,2.0,1.0,P3-v0.1,P2-v0.1
144083_4-144083-A-16_w002,ESC-50,144083,4-144083-A-16.wav,wind,WIND,validation,4,A,2,32000,64000,2.0,4.0,5.0,features/mfcc/validation/WIND/144083_4-144083-A-16_w002.npy,features/log_mel/validation/WIND/144083_4-144083-A-16_w002.npy,"[13, 197]","[64, 197]",16000,2.0,1.0,P3-v0.1,P2-v0.1
144083_4-144083-A-16_w003,ESC-50,144083,4-144083-A-16.wav,wind,WIND,validation,4,A,3,48000,80000,3.0,5.0,5.0,features/mfcc/validation/WIND/144083_4-144083-A-16_w003.npy,features/log_mel/validation/WIND/144083_4-144083-A-16_w003.npy,"[13, 197]","[64, 197]",16000,2.0,1.0,P3-v0.1,P2-v0.1
144083_4-144083-B-16_w000,ESC-50,144083,4-144083-B-16.wav,wind,WIND,validation,4,B,0,0,32000,0.0,2.0,5.0,features/mfcc/validation/WIND/144083_4-144083-B-16_w000.npy,features/log_mel/validation/WIND/144083_4-144083-B-16_w000.npy,"[13, 197]","[64, 197]",16000,2.0,1.0,P3-v0.1,P2-v0.1
144083_4-144083-B-16_w001,ESC-50,144083,4-144083-B-16.wav,wind,WIND,validation,4,B,1,16000,48000,1.0,3.0,5.0,features/mfcc/validation/WIND/144083_4-144083-B-16_w001.npy,features/log_mel/validation/WIND/144083_4-144083-B-16_w001.npy,"[13, 197]","[64, 197]",16000,2.0,1.0,P3-v0.1,P2-v0.1
144083_4-144083-B-16_w002,ESC-50,144083,4-144083-B-16.wav,wind,WIND,validation,4,B,2,32000,64000,2.0,4.0,5.0,features/mfcc/validation/WIND/144083_4-144083-B-16_w002.npy,features/log_mel/validation/WIND/144083_4-144083-B-16_w002.npy,"[13, 197]","[64, 197]",16000,2.0,1.0,P3-v0.1,P2-v0.1
144083_4-144083-B-16_w003,ESC-50,144083,4-144083-B-16.wav,wind,WIND,validation,4,B,3,48000,80000,3.0,5.0,5.0,features/mfcc/validation/WIND/144083_4-144083-B-16_w003.npy,features/log_mel/validation/WIND/144083_4-144083-B-16_w003.npy,"[13, 197]","[64, 197]",16000,2.0,1.0,P3-v0.1,P2-v0.1
144083_4-144083-C-16_w000,ESC-50,144083,4-144083-C-16.wav,wind,WIND,validation,4,C,0,0,32000,0.0,2.0,5.0,features/mfcc/validation/WIND/144083_4-144083-C-16_w000.npy,features/log_mel/validation/WIND/144083_4-144083-C-16_w000.npy,"[13, 197]","[64, 197]",16000,2.0,1.0,P3-v0.1,P2-v0.1
144083_4-144083-C-16_w001,ESC-50,144083,4-144083-C-16.wav,wind,WIND,validation,4,C,1,16000,48000,1.0,3.0,5.0,features/mfcc/validation/WIND/144083_4-144083-C-16_w001.npy,features/log_mel/validation/WIND/144083_4-144083-C-16_w001.npy,"[13, 197]","[64, 197]",16000,2.0,1.0,P3-v0.1,P2-v0.1
144083_4-144083-C-16_w002,ESC-50,144083,4-144083-C-16.wav,wind,WIND,validation,4,C,2,32000,64000,2.0,4.0,5.0,features/mfcc/validation/WIND/144083_4-144083-C-16_w002.npy,features/log_mel/validation/WIND/144083_4-144083-C-16_w002.npy,"[13, 197]","[64, 197]",16000,2.0,1.0,P3-v0.1,P2-v0.1
144083_4-144083-C-16_w003,ESC-50,144083,4-144083-C-16.wav,wind,WIND,validation,4,C,3,48000,80000,3.0,5.0,5.0,features/mfcc/validation/WIND/144083_4-144083-C-16_w003.npy,features/log_mel/validation/WIND/144083_4-144083-C-16_w003.npy,"[13, 197]","[64, 197]",16000,2.0,1.0,P3-v0.1,P2-v0.1
